Date,Open,High,Low,Close,Adj Close,Volume
2015-05-11,57.950001,57.950001,50.0,50.0,50.0,2700
2015-05-12,50.009997999999996,50.009997999999996,49.0,49.950001,49.950001,2200
2015-05-13,49.0,49.0,49.0,49.0,49.0,300
2015-05-14,49.0,49.0,44.0,45.0,45.0,19900
2015-05-15,45.0,45.0,38.0,38.0,38.0,2300
2015-05-18,38.0,38.0,27.15,27.15,27.15,5000
2015-05-19,28.0,29.5,27.9,29.0,29.0,4300
2015-05-20,29.5,32.25,29.25,31.5,31.5,4900
2015-05-21,31.0,32.0,30.5,32.0,32.0,2900
2015-05-22,32.0,33.099998,31.9,31.9,31.9,5000
2015-05-26,31.92,32.0,31.92,32.0,32.0,1100
2015-05-27,31.51,31.51,30.549999,30.549999,30.549999,400
2015-05-28,30.549999,33.0,30.5,33.0,33.0,1100
2015-05-29,31.950001,33.0,31.950001,33.0,33.0,500
2015-06-01,33.0,33.0,30.65,30.65,30.65,1000
2015-06-02,30.65,30.65,28.52,29.15,29.15,1400
2015-06-03,30.0,30.0,29.0,29.0,29.0,400
2015-06-04,29.25,29.25,29.200001,29.200001,29.200001,1900
2015-06-05,29.25,29.25,29.200001,29.200001,29.200001,900
2015-06-08,29.5,29.5,29.0,29.25,29.25,1400
2015-06-09,29.15,29.15,28.5,29.0,29.0,700
2015-06-10,29.1,29.5,29.1,29.25,29.25,800
2015-06-11,29.25,29.25,29.01,29.15,29.15,1300
2015-06-12,29.01,29.01,28.91,28.940001000000002,28.940001000000002,1200
2015-06-15,29.1,29.1,28.950001,29.0,29.0,1200
2015-06-16,29.045,29.1,28.5,29.0,29.0,4800
2015-06-17,29.1,30.0,29.0,29.0,29.0,21100
2015-06-18,29.15,29.15,28.85,29.0,29.0,1700
2015-06-19,29.0,29.0,28.6,28.620001000000002,28.620001000000002,1800
2015-06-22,28.9,28.9,28.549999,28.549999,28.549999,2300
2015-06-23,28.6,28.6,28.0,28.0,28.0,2400
2015-06-24,28.99,28.99,28.32,28.5,28.5,2000
2015-06-25,28.5,28.5,28.5,28.5,28.5,200
2015-06-26,29.0,29.0,29.0,29.0,29.0,3000
2015-06-29,29.950001,29.950001,29.0,29.09,29.09,22700
2015-06-30,29.5,30.5,29.4,30.120001000000002,30.120001000000002,2400
2015-07-01,30.01,30.5,29.309998999999998,30.35,30.35,3500
2015-07-02,30.35,30.4,30.35,30.35,30.35,2300
2015-07-06,30.6,30.6,30.1,30.5,30.5,4800
2015-07-07,30.6,30.6,29.41,30.5,30.5,6200
2015-07-08,30.6,30.6,30.5,30.6,30.6,7400
2015-07-09,30.6,32.0,30.450001,30.450001,30.450001,6100
2015-07-10,30.6,30.75,30.51,30.6,30.6,27000
2015-07-13,30.6,30.6,30.33,30.33,30.33,5700
2015-07-14,30.6,30.6,30.450001,30.5,30.5,9500
2015-07-15,30.51,30.6,30.48,30.5,30.5,14400
2015-07-16,30.48,30.5,29.41,30.5,30.5,5300
2015-07-17,30.5,30.5,30.450001,30.450001,30.450001,3100
2015-07-20,30.1,30.299999,30.1,30.110001,30.110001,3300
2015-07-21,30.6,30.6,30.4,30.4,30.4,5400
2015-07-22,30.4,30.5,30.16,30.5,30.5,3500
2015-07-23,30.6,30.6,30.5,30.5,30.5,1000
2015-07-24,30.6,30.6,30.200001,30.549999,30.549999,1400
2015-07-27,30.6,30.6,30.5,30.5,30.5,5100
2015-07-28,30.549999,30.549999,30.469998999999998,30.549999,30.549999,3900
2015-07-29,30.549999,30.6,30.4,30.450001,30.450001,6800
2015-07-30,30.5,30.5,30.5,30.5,30.5,300
2015-07-31,30.15,30.15,30.15,30.15,30.15,200
2015-08-03,30.5,30.5,30.1,30.1,30.1,1200
2015-08-04,30.1,30.1,30.0,30.0,30.0,600
2015-08-05,30.0,30.0,29.41,29.41,29.41,700
2015-08-06,30.299999,30.299999,30.299999,30.299999,30.299999,1300
2015-08-07,30.4,30.4,29.41,29.91,29.91,1300
2015-08-10,29.91,29.91,29.91,29.91,29.91,100
2015-08-11,29.275,30.49,29.275,30.450001,30.450001,800
2015-08-12,30.49,30.49,29.51,29.51,29.51,1000
2015-08-13,30.450001,30.5,30.049999,30.4,30.4,1100
2015-08-14,30.0,30.4,30.0,30.0,30.0,1000
2015-08-17,29.860001,30.0,29.5,29.5,29.5,900
2015-08-18,29.5,29.5,29.35,29.4,29.4,1600
2015-08-19,29.0,29.700001,29.0,29.4,29.4,5900
2015-08-20,29.700001,29.700001,29.0,29.0,29.0,2400
2015-08-21,29.0,29.0,25.299999,27.0,27.0,3000
2015-08-24,27.0,27.0,21.219998999999998,24.0,24.0,3500
2015-08-25,25.0,25.5,24.0,24.0,24.0,2000
2015-08-26,24.0,24.5,23.120001000000002,23.120001000000002,23.120001000000002,1100
2015-08-27,23.75,23.75,23.549999,23.74,23.74,1600
2015-08-28,23.75,25.0,23.75,24.99,24.99,1900
2015-08-31,26.0,26.0,26.0,26.0,26.0,1600
2015-09-01,26.25,27.0,26.0,26.0,26.0,1900
2015-09-02,26.0,27.5,26.0,27.5,27.5,600
2015-09-03,28.5,28.950001,26.0,28.75,28.75,1700
2015-09-04,28.75,28.950001,28.75,28.950001,28.950001,500
2015-09-08,29.0,30.0,29.0,29.9,29.9,11000
2015-09-09,29.5,29.5,29.5,29.5,29.5,800
2015-09-10,29.9,29.9,29.9,29.9,29.9,600
2015-09-11,29.9,30.0,29.9,30.0,30.0,3400
2015-09-14,29.5,29.5,29.5,29.5,29.5,200
2015-09-15,29.99,29.99,29.99,29.99,29.99,300
2015-09-16,29.0,29.0,29.0,29.0,29.0,500
2015-09-17,28.799999,28.799999,27.200001,28.5,28.5,1300
2015-09-18,29.4,29.5,29.4,29.5,29.5,1500
2015-09-21,29.5,29.5,29.0,29.0,29.0,900
2015-09-22,29.5,29.5,29.5,29.5,29.5,200
2015-09-23,29.4,29.4,28.75,29.0,29.0,1600
2015-09-24,28.5,28.5,28.5,28.5,28.5,1200
2015-09-25,28.0,28.0,28.0,28.0,28.0,100
2015-09-28,28.5,30.0,28.5,29.0,29.0,2900
2015-09-29,29.99,29.99,29.25,29.25,29.25,2900
2015-09-30,29.99,29.99,28.01,28.01,28.01,1800
2015-10-01,27.75,27.75,27.5,27.709999,27.709999,1200
2015-10-02,27.700001,28.0,27.4,27.4,27.4,900
2015-10-05,28.0,28.5,28.0,28.5,28.5,600
2015-10-06,28.5,28.5,26.01,28.0,28.0,7500
2015-10-07,28.0,28.01,28.0,28.01,28.01,600
2015-10-08,27.0,27.25,26.75,27.0,27.0,2000
2015-10-09,27.0,27.0,27.0,27.0,27.0,300
2015-10-12,27.0,27.0,27.0,27.0,27.0,0
2015-10-13,27.01,27.02,27.0,27.0,27.0,1500
2015-10-14,26.725,27.0,26.5,26.5,26.5,1400
2015-10-15,26.9,27.0,26.799999,26.799999,26.799999,1100
2015-10-16,26.700001,28.99,26.700001,28.99,28.99,10900
2015-10-19,28.9,29.0,27.450001,27.450001,27.450001,4100
2015-10-20,28.0,28.0,27.549999,28.0,28.0,2900
2015-10-21,28.0,28.0,27.0,27.25,27.25,9700
2015-10-22,28.0,28.0,27.25,27.25,27.25,2800
2015-10-23,28.0,28.0,28.0,28.0,28.0,400
2015-10-26,28.0,28.950001,26.68,28.32,28.32,12700
2015-10-27,28.0,28.5,27.0,28.15,28.15,9500
2015-10-28,29.0,29.0,28.5,28.85,28.85,10700
2015-10-29,29.0,32.0,29.0,32.0,32.0,24700
2015-10-30,33.0,33.900002,32.360001000000004,33.900002,33.900002,36700
2015-11-02,34.259997999999996,39.0,34.259997999999996,39.0,39.0,24000
2015-11-03,45.0,49.0,40.0,42.0,42.0,71700
2015-11-04,48.5,57.0,48.5,54.0,54.0,48800
2015-11-05,50.25,52.349998,45.849998,51.0,51.0,37400
2015-11-06,47.994999,47.994999,44.0,45.75,45.75,17800
2015-11-09,42.5,44.5,42.0,42.0,42.0,16400
2015-11-10,42.0,42.5,39.169998,42.0,42.0,9000
2015-11-11,39.990002000000004,40.0,37.639998999999996,39.099998,39.099998,12800
2015-11-12,39.5,45.669998,39.5,45.0,45.0,8800
2015-11-13,45.900002,45.900002,43.0,45.900002,45.900002,5300
2015-11-16,45.25,45.25,43.75,44.75,44.75,4900
2015-11-17,44.75,45.0,42.0,42.0,42.0,6100
2015-11-18,43.75,43.75,43.25,43.75,43.75,900
2015-11-19,43.75,45.5,43.5,45.0,45.0,5700
2015-11-20,44.5,44.5,42.0,42.5,42.5,4800
2015-11-23,41.150002,42.110001000000004,40.599998,41.0,41.0,1400
2015-11-24,44.0,44.990002000000004,38.509997999999996,38.549999,38.549999,4700
2015-11-25,39.349998,42.0,39.349998,41.98,41.98,1300
2015-11-27,45.0,51.5,42.5,47.0,47.0,12500
2015-11-30,50.0,54.0,44.900002,45.0,45.0,10700
2015-12-01,46.0,49.0,45.0,47.25,47.25,5900
2015-12-02,47.25,47.25,44.25,46.5,46.5,4400
2015-12-03,45.0,47.099998,45.0,45.099998,45.099998,2300
2015-12-04,46.0,46.5,45.599998,46.0,46.0,1000
2015-12-07,49.0,55.98,49.0,52.799999,52.799999,19900
2015-12-08,55.990002000000004,55.990002000000004,53.25,55.299999,55.299999,10300
2015-12-09,55.0,72.5,51.950001,55.25,55.25,36300
2015-12-10,64.5,64.5,54.25,58.0,58.0,4500
2015-12-11,64.0,67.0,60.150002,63.0,63.0,63400
2015-12-14,63.0,64.0,56.0,61.5,61.5,12000
2015-12-15,65.0,65.0,63.009997999999996,65.0,65.0,17300
2015-12-16,67.5,69.0,63.0,63.16,63.16,10600
2015-12-17,63.900002,63.900002,61.5,62.0,62.0,7500
2015-12-18,62.5,62.900002,61.049999,62.0,62.0,11300
2015-12-21,60.990002000000004,61.5,59.0,59.950001,59.950001,7300
2015-12-22,60.0,60.0,59.0,59.400002,59.400002,4500
2015-12-23,61.0,62.75,59.110001000000004,60.0,60.0,10800
2015-12-24,62.900002,62.900002,62.700001,62.880001,62.880001,5500
2015-12-28,59.5,61.700001,59.0,59.0,59.0,10000
2015-12-29,60.98,62.549999,60.790001000000004,61.75,61.75,5600
2015-12-30,62.25,63.0,61.75,63.0,63.0,7500
2015-12-31,62.900002,63.0,62.0,63.0,63.0,12600
2016-01-04,63.0,64.989998,63.0,64.0,64.0,14600
2016-01-05,64.989998,64.989998,64.099998,64.75,64.75,5600
2016-01-06,64.949997,65.0,64.550003,65.0,65.0,10500
2016-01-07,65.0,65.93,62.0,64.75,64.75,21100
2016-01-08,64.900002,65.0,63.0,64.989998,64.989998,5800
2016-01-11,64.989998,65.0,63.0,63.25,63.25,7400
2016-01-12,64.900002,64.900002,56.009997999999996,56.310001,56.310001,10900
2016-01-13,56.5,59.0,55.200001,55.799999,55.799999,10300
2016-01-14,55.950001,58.889998999999996,55.810001,58.889998999999996,58.889998999999996,8500
2016-01-15,51.5,51.5,42.509997999999996,46.5,46.5,42100
2016-01-19,46.75,47.0,38.990002000000004,41.959998999999996,41.959998999999996,16600
2016-01-20,43.799999,49.860001000000004,43.799999,49.099998,49.099998,20200
2016-01-21,52.5,53.75,51.009997999999996,51.5,51.5,9200
2016-01-22,51.25,51.25,46.0,48.5,48.5,10600
2016-01-25,48.5,48.5,48.5,48.5,48.5,600
2016-01-26,47.0,48.75,46.0,46.5,46.5,4100
2016-01-27,46.5,46.5,45.0,45.25,45.25,3100
2016-01-28,45.058997999999995,45.058997999999995,42.25,43.900002,43.900002,6700
2016-01-29,42.599998,43.5,42.25,43.0,43.0,2900
2016-02-01,42.75,43.59,42.5,42.990002000000004,42.990002000000004,1800
2016-02-02,43.0,43.5,42.150002,42.16,42.16,2200
2016-02-03,42.5,42.5,40.0,41.0,41.0,7700
2016-02-04,41.110001000000004,45.0,41.110001000000004,43.950001,43.950001,6100
2016-02-05,44.0,44.0,42.259997999999996,42.259997999999996,42.259997999999996,3300
2016-02-08,46.25,46.25,41.0,41.299999,41.299999,3000
2016-02-09,41.900002,41.900002,41.900002,41.900002,41.900002,300
2016-02-10,43.0,43.950001,43.0,43.950001,43.950001,4300
2016-02-11,43.950001,43.950001,41.509997999999996,42.900002,42.900002,4600
2016-02-12,42.150002,43.900002,42.150002,43.0,43.0,1500
2016-02-16,44.0,49.0,44.0,48.900002,48.900002,13400
2016-02-17,50.0,53.0,48.0,52.0,52.0,11300
2016-02-18,59.0,59.0,51.549999,54.0,54.0,6100
2016-02-19,52.900002,52.900002,51.0,52.630001,52.630001,4900
2016-02-22,55.009997999999996,57.0,55.009997999999996,55.049999,55.049999,7400
2016-02-23,56.02,56.02,51.0,52.48,52.48,4700
2016-02-24,53.009997999999996,54.200001,52.009997999999996,54.200001,54.200001,3400
2016-02-25,53.099998,55.0,53.099998,55.0,55.0,1300
2016-02-26,55.0,56.0,53.599998,56.0,56.0,2000
2016-02-29,56.549999,57.5,56.0,56.0,56.0,2700
2016-03-01,57.0,58.0,55.27,56.799999,56.799999,7000
2016-03-02,56.25,57.5,56.25,57.5,57.5,3000
2016-03-03,53.5,54.900002,50.25,53.700001,53.700001,11100
2016-03-04,53.0,53.5,52.0,52.0,52.0,6900
2016-03-07,53.799999,54.0,52.200001,53.549999,53.549999,5900
2016-03-08,53.849998,56.0,53.75,54.0,54.0,2600
2016-03-09,54.900002,54.900002,54.0,54.0,54.0,1300
2016-03-10,55.75,55.950001,55.099998,55.950001,55.950001,1500
2016-03-11,54.900002,55.0,54.540001000000004,55.0,55.0,6900
2016-03-14,54.950001,54.950001,52.049999,52.049999,52.049999,2700
2016-03-15,53.009997999999996,54.5,53.009997999999996,53.25,53.25,2300
2016-03-16,53.5,54.0,53.25,54.0,54.0,800
2016-03-17,54.0,54.049999,52.5,54.049999,54.049999,1600
2016-03-18,52.5,54.0,52.5,53.0,53.0,1900
2016-03-21,53.0,54.0,53.0,53.200001,53.200001,2500
2016-03-22,53.599998,54.0,53.200001,54.0,54.0,2900
2016-03-23,53.990002000000004,54.0,53.5,54.0,54.0,2000
2016-03-24,53.900002,53.950001,52.599998,53.0,53.0,1800
2016-03-28,53.25,54.799999,53.25,54.400002,54.400002,2300
2016-03-29,54.599998,54.950001,54.599998,54.599998,54.599998,1900
2016-03-30,54.950001,54.950001,54.400002,54.5,54.5,2600
2016-03-31,54.200001,54.5,54.200001,54.400002,54.400002,2400
2016-04-01,54.400002,55.0,54.139998999999996,54.75,54.75,3300
2016-04-04,54.75,56.990002000000004,54.5,56.990002000000004,56.990002000000004,2100
2016-04-05,58.0,58.0,57.0,57.849998,57.849998,3500
2016-04-06,57.849998,57.849998,57.099998,57.389998999999996,57.389998999999996,2100
2016-04-07,57.0,57.0,55.27,55.27,55.27,4900
2016-04-08,55.259997999999996,58.299999,55.259997999999996,58.299999,58.299999,3600
2016-04-11,59.5,59.5,56.0,56.0,56.0,4000
2016-04-12,57.0,57.560001,56.990002000000004,56.990002000000004,56.990002000000004,5800
2016-04-13,56.220001,56.220001,55.330002,55.330002,55.330002,4000
2016-04-14,55.549999,58.0,55.549999,56.049999,56.049999,1700
2016-04-15,56.700001,59.5,56.700001,58.599998,58.599998,9300
2016-04-18,59.5,59.5,58.0,59.400002,59.400002,4500
2016-04-19,59.389998999999996,59.900002,59.150002,59.5,59.5,3800
2016-04-20,59.900002,63.5,59.849998,62.5,62.5,9900
2016-04-21,63.0,69.5,62.950001,65.709999,65.709999,10600
2016-04-22,68.0,71.489998,67.849998,70.900002,70.900002,10100
2016-04-25,73.0,78.5,71.0,74.010002,74.010002,9900
2016-04-26,77.0,79.5,73.599998,73.599998,73.599998,16200
2016-04-27,72.0,78.900002,68.099998,72.0,72.0,17800
2016-04-28,71.0,72.0,68.550003,69.599998,69.599998,9900
2016-04-29,71.989998,74.5,68.550003,71.699997,71.699997,5200
2016-05-02,71.699997,76.949997,70.690002,74.760002,74.760002,16100
2016-05-03,74.0,77.900002,74.0,74.75,74.75,9600
2016-05-04,74.5,76.290001,72.099998,75.0,75.0,3000
2016-05-05,75.0,75.75,73.75,73.75,73.75,4000
2016-05-06,73.75,75.0,73.0,74.900002,74.900002,5300
2016-05-09,74.900002,75.800003,74.550003,75.779999,75.779999,12200
2016-05-10,76.489998,76.699997,73.5,73.5,73.5,4000
2016-05-11,73.5,74.0,73.489998,73.489998,73.489998,1500
2016-05-12,73.480003,73.5,72.5,72.510002,72.510002,4400
2016-05-13,72.550003,73.5,72.0,72.050003,72.050003,8000
2016-05-16,71.5,71.5,65.0,65.0,65.0,12100
2016-05-17,65.260002,71.489998,65.260002,69.0,69.0,6900
2016-05-18,69.0,69.5,62.200001,64.5,64.5,10900
2016-05-19,64.099998,64.099998,60.0,62.0,62.0,9300
2016-05-20,63.990002000000004,64.900002,61.0,64.900002,64.900002,3900
2016-05-23,64.0,66.25,64.0,66.0,66.0,3300
2016-05-24,67.0,70.0,66.5,70.0,70.0,3600
2016-05-25,70.510002,70.75,69.0,69.0,69.0,3500
2016-05-26,69.0,70.900002,69.0,70.025002,70.025002,2400
2016-05-27,71.900002,73.699997,69.800003,72.0,72.0,12400
2016-05-31,75.0,81.699997,74.599998,78.099998,78.099998,17600
2016-06-01,79.5,82.0,76.25,77.900002,77.900002,16500
2016-06-02,77.900002,78.0,77.0,78.0,78.0,5200
2016-06-03,77.900002,89.900002,77.900002,88.449997,88.449997,21400
2016-06-06,91.5,96.5,88.910004,93.5,93.5,13300
2016-06-07,96.5,102.0,86.480003,94.0,94.0,14500
2016-06-08,94.5,100.0,94.5,100.0,100.0,10800
2016-06-09,98.0,98.0,94.0,98.0,98.0,8100
2016-06-10,100.0,100.0,90.150002,92.91999799999999,92.91999799999999,11800
2016-06-13,107.5,129.0,107.5,115.0,115.0,39000
2016-06-14,119.900002,119.900002,107.0,112.550003,112.550003,15800
2016-06-15,111.0,116.489998,111.0,115.0,115.0,11700
2016-06-16,125.0,132.0,124.0,129.0,129.0,43500
2016-06-17,130.0,144.0,128.0,135.0,135.0,40700
2016-06-20,134.244995,135.0,118.0,120.0,120.0,46200
2016-06-21,111.550003,112.5,100.010002,104.5,104.5,42000
2016-06-22,110.0,110.0,99.550003,101.0,101.0,14000
2016-06-23,99.0,111.5,85.0,106.0,106.0,44200
2016-06-24,117.0,130.0,115.0,123.0,123.0,24600
2016-06-27,125.0,125.0,113.0,121.0,121.0,9300
2016-06-28,124.0,124.0,113.5,118.949997,118.949997,7900
2016-06-29,117.300003,119.809998,114.25,117.0,117.0,12800
2016-06-30,122.010002,125.0,118.150002,119.550003,119.550003,13700
2016-07-01,119.0,119.75,116.699997,117.339996,117.339996,5900
2016-07-05,116.150002,119.0,110.0,114.0,114.0,7800
2016-07-06,114.0,119.0,113.0,117.0,117.0,7700
2016-07-07,117.199997,117.199997,110.0,113.5,113.5,8300
2016-07-08,122.5,123.0,118.5,119.599998,119.599998,12700
2016-07-11,121.099998,121.099998,118.099998,120.5,120.5,11500
2016-07-12,118.599998,120.449997,118.199997,119.0,119.0,7700
2016-07-13,120.0,120.0,117.5,120.0,120.0,5900
2016-07-14,120.349998,120.349998,116.25,119.5,119.5,4700
2016-07-15,118.25,120.400002,118.25,120.0,120.0,4200
2016-07-18,119.5,121.0,117.5,117.5,117.5,7000
2016-07-19,116.0,116.5,103.5,103.5,103.5,18500
2016-07-20,108.0,111.0,102.0,105.0,105.0,8200
2016-07-21,105.0,107.099998,102.5,106.0,106.0,2600
2016-07-22,106.0,108.0,104.0,105.0,105.0,3000
2016-07-25,105.25,105.25,101.25,104.0,104.0,6600
2016-07-26,101.349998,104.5,101.099998,104.5,104.5,2600
2016-07-27,104.5,104.5,100.0,100.0,100.0,4000
2016-07-28,101.0,101.0,86.0,94.650002,94.650002,26200
2016-07-29,95.0,95.0,88.160004,95.0,95.0,8500
2016-08-01,91.0,91.0,82.0,87.0,87.0,13600
2016-08-02,86.0,86.300003,80.150002,82.0,82.0,15200
2016-08-03,81.0,93.0,78.050003,90.0,90.0,14800
2016-08-04,95.0,99.879997,95.0,97.5,97.5,11000
2016-08-05,97.989998,98.900002,89.199997,90.0,90.0,6000
2016-08-08,92.0,95.0,91.300003,92.0,92.0,1800
2016-08-09,91.25,94.0,91.25,92.0,92.0,1200
2016-08-10,94.0,97.0,92.0,96.0,96.0,3300
2016-08-11,95.0,96.0,94.5,94.5,94.5,1800
2016-08-12,95.0,97.5,95.0,97.5,97.5,2700
2016-08-15,98.0,98.0,95.010002,95.050003,95.050003,4400
2016-08-16,97.5,100.0,97.5,99.989998,99.989998,5400
2016-08-17,104.0,104.0,97.0,99.0,99.0,4700
2016-08-18,101.75,101.75,96.0,96.0,96.0,1300
2016-08-19,98.0,98.889999,96.0,98.0,98.0,1900
2016-08-22,98.5,101.5,94.0,95.0,95.0,6200
2016-08-23,95.0,95.0,89.0,89.0,89.0,8400
2016-08-24,90.0,90.0,81.629997,82.0,82.0,17700
2016-08-25,84.400002,84.400002,76.0,79.0,79.0,16100
2016-08-26,79.0,83.989998,74.900002,82.970001,82.970001,6300
2016-08-29,83.5,87.0,83.5,83.5,83.5,1500
2016-08-30,86.75,87.0,85.0,85.0,85.0,1700
2016-08-31,81.599998,84.0,80.5,82.0,82.0,4500
2016-09-01,80.099998,80.099998,79.0,79.0,79.0,2000
2016-09-02,79.0,82.0,79.0,80.099998,80.099998,2200
2016-09-06,85.0,90.0,85.0,89.5,89.5,8400
2016-09-07,89.5,94.0,89.5,93.5,93.5,5900
2016-09-08,94.5,96.5,94.5,96.300003,96.300003,7400
2016-09-09,96.0,96.0,91.75,92.010002,92.010002,2000
2016-09-12,90.199997,90.199997,84.900002,87.0,87.0,10000
2016-09-13,87.5,91.5,86.5,91.0,91.0,3100
2016-09-14,91.0,91.25,91.0,91.25,91.25,600
2016-09-15,91.0,91.0,87.5,87.5,87.5,1200
2016-09-16,88.0,88.0,87.019997,87.019997,87.019997,3200
2016-09-19,91.0,92.5,90.43,90.43,90.43,1000
2016-09-20,89.75,89.75,89.75,89.75,89.75,400
2016-09-21,90.0,93.0,87.0,93.0,93.0,3000
2016-09-22,92.5,92.5,92.5,92.5,92.5,600
2016-09-23,87.0,92.5,87.0,90.0,90.0,3000
2016-09-26,90.0,92.5,90.0,92.5,92.5,1000
2016-09-27,92.0,92.0,90.0,90.0,90.0,800
2016-09-28,88.0,90.260002,88.0,90.260002,90.260002,1100
2016-09-29,91.150002,91.190002,90.260002,90.5,90.5,2100
2016-09-30,90.0,90.0,90.0,90.0,90.0,600
2016-10-03,91.25,91.25,90.25,90.25,90.25,1000
2016-10-04,90.25,90.25,88.0,88.0,88.0,2100
2016-10-05,89.0,89.0,87.800003,87.800003,87.800003,1300
2016-10-06,87.425003,91.199997,86.0,86.0,86.0,3100
2016-10-07,89.5,91.0,89.5,90.150002,90.150002,1900
2016-10-10,90.0,91.0,90.0,91.0,91.0,1100
2016-10-11,92.0,95.0,92.0,95.0,95.0,7400
2016-10-12,96.900002,97.400002,95.010002,96.980003,96.980003,4300
2016-10-13,97.25,98.0,92.0,92.0,92.0,3900
2016-10-14,92.059998,94.754997,90.0,92.0,92.0,2800
2016-10-17,92.0,92.0,88.0,89.0,89.0,3700
2016-10-18,90.25,90.25,89.75,90.0,90.0,500
2016-10-19,90.160004,91.0,86.0,88.5,88.5,2900
2016-10-20,88.75,88.75,88.5,88.5,88.5,700
2016-10-21,89.0,89.0,89.0,89.0,89.0,600
2016-10-24,91.0,93.0,90.150002,90.510002,90.510002,3300
2016-10-25,91.769997,96.0,91.769997,96.0,96.0,4100
2016-10-26,96.0,105.0,96.0,99.800003,99.800003,12700
2016-10-27,101.0,102.0,99.0,99.0,99.0,3500
2016-10-28,100.0,104.900002,98.800003,104.5,104.5,7200
2016-10-31,104.5,107.900002,103.0,107.900002,107.900002,3900
2016-11-01,110.0,110.0,103.0,109.0,109.0,11500
2016-11-02,110.0,110.0,104.0,106.0,106.0,4700
2016-11-03,110.0,110.0,95.0,101.0,101.0,11200
2016-11-04,96.0,98.309998,93.0,97.0,97.0,5700
2016-11-07,96.989998,98.0,96.5,96.5,96.5,2700
2016-11-08,98.0,101.0,98.0,101.0,101.0,2100
2016-11-09,107.0,107.0,102.800003,103.75,103.75,5800
2016-11-10,105.0,105.0,99.0,99.0,99.0,9200
2016-11-11,98.0,104.900002,98.0,101.0,101.0,1800
2016-11-14,99.5,101.0,96.0,100.0,100.0,5800
2016-11-15,100.5,105.0,96.550003,105.0,105.0,4700
2016-11-16,105.5,106.5,98.5,106.5,106.5,9200
2016-11-17,104.0,108.0,104.0,107.050003,107.050003,5600
2016-11-18,108.0,108.5,108.0,108.5,108.5,2500
2016-11-21,108.0,108.0,104.849998,107.0,107.0,4000
2016-11-22,109.0,109.0,106.0,108.0,108.0,4300
2016-11-23,106.0,106.0,100.5,103.0,103.0,3800
2016-11-25,103.5,103.5,100.550003,101.0,101.0,1800
2016-11-28,101.0,101.0,100.0,100.989998,100.989998,3100
2016-11-29,100.050003,101.0,97.0,97.0,97.0,14200
2016-11-30,98.0,98.5,92.5,98.5,98.5,20100
2016-12-01,98.0,100.5,98.0,100.254997,100.254997,2300
2016-12-02,101.150002,104.754997,101.150002,103.300003,103.300003,5700
2016-12-05,102.510002,102.510002,99.0,99.0,99.0,3400
2016-12-06,101.449997,102.25,99.099998,99.099998,99.099998,5500
2016-12-07,101.099998,101.989998,100.5,101.75,101.75,3800
2016-12-08,102.099998,106.5,102.099998,104.0,104.0,17100
2016-12-09,104.0,106.0,102.5,103.0,103.0,3400
2016-12-12,103.550003,105.0,103.550003,105.0,105.0,4000
2016-12-13,105.0,105.860001,102.099998,102.699997,102.699997,5700
2016-12-14,103.949997,105.980003,102.349998,102.510002,102.510002,3500
2016-12-15,103.0,103.0,100.0,101.190002,101.190002,8700
2016-12-16,100.605003,103.0,100.349998,101.599998,101.599998,3800
2016-12-19,101.5,103.5,100.5,101.0,101.0,6900
2016-12-20,101.5,102.0,100.5,101.0,101.0,3500
2016-12-21,103.900002,107.010002,103.120003,103.75,103.75,24800
2016-12-22,107.0,108.099998,105.0,105.019997,105.019997,13400
2016-12-23,108.400002,116.75,107.5,110.699997,110.699997,24400
2016-12-27,115.699997,121.800003,114.75,114.75,114.75,36000
2016-12-28,117.25,127.0,117.25,120.0,120.0,29100
2016-12-29,127.5,127.5,119.989998,121.5,121.5,18300
2016-12-30,124.0,124.75,121.0,121.650002,121.650002,15400
2017-01-03,130.5,142.0,125.800003,136.0,136.0,43400
2017-01-04,142.0,152.0,140.5,146.0,146.0,80100
2017-01-05,132.5,138.5,126.0,129.0,129.0,54300
2017-01-06,119.5,126.0,111.0,116.75,116.75,59100
2017-01-09,116.0,118.5,112.0,114.550003,114.550003,14700
2017-01-10,115.125,118.5,114.5,115.0,115.0,18700
2017-01-11,112.0,112.010002,105.0,110.5,110.5,58300
2017-01-12,110.875,110.875,105.599998,108.0,108.0,39400
2017-01-13,108.0,109.0,107.0,108.989998,108.989998,18900
2017-01-17,114.75,120.0,113.0,117.0,117.0,42200
2017-01-18,116.5,118.0,112.599998,116.0,116.0,25900
2017-01-19,118.0,118.5,116.050003,117.0,117.0,25200
2017-01-20,117.5,118.75,116.0,116.0,116.0,22100
2017-01-23,117.504997,118.5,117.0,117.0,117.0,12300
2017-01-24,117.0,117.0,111.879997,111.879997,111.879997,18800
2017-01-25,111.879997,111.879997,105.5,106.510002,106.510002,31200
2017-01-26,106.75,112.989998,106.75,107.75,107.75,24400
2017-01-27,109.0,111.980003,109.0,110.0,110.0,20400
2017-01-30,110.0,112.0,106.5,107.739998,107.739998,16500
2017-01-31,109.550003,111.949997,108.449997,108.495003,108.495003,30600
2017-02-01,110.0,110.0,105.25,107.949997,107.949997,36800
2017-02-02,107.0,110.099998,107.0,109.5,109.5,37200
2017-02-03,109.5,111.800003,109.5,110.0,110.0,22500
2017-02-06,112.0,112.0,109.120003,110.0,110.0,9900
2017-02-07,111.0,113.0,110.0,110.010002,110.010002,28800
2017-02-08,110.0,110.699997,107.099998,109.0,109.0,20500
2017-02-09,105.824997,106.75,103.349998,104.0,104.0,33000
2017-02-10,103.75,105.5,102.5,105.5,105.5,28300
2017-02-13,106.389999,107.0,104.75,105.550003,105.550003,9700
2017-02-14,107.5,108.0,105.5,108.0,108.0,20400
2017-02-15,109.5,109.5,106.099998,108.0,108.0,8000
2017-02-16,109.0,109.025002,107.25,108.0,108.0,12800
2017-02-17,107.989998,109.0,107.849998,108.0,108.0,13600
2017-02-21,111.504997,112.0,110.099998,111.0,111.0,42000
2017-02-22,111.495003,114.050003,111.495003,113.5,113.5,28500
2017-02-23,115.0,117.300003,114.989998,117.0,117.0,49300
2017-02-24,119.5,120.050003,118.0,118.970001,118.970001,41100
2017-02-27,118.0,118.75,116.300003,117.0,117.0,26000
2017-02-28,116.949997,117.199997,114.0,115.0,115.0,20300
2017-03-01,116.5,118.370003,115.050003,117.050003,117.050003,33400
2017-03-02,119.5,125.449997,117.599998,125.400002,125.400002,53900
2017-03-03,128.899994,130.5,123.25,129.0,129.0,46100
2017-03-06,129.475006,139.5,129.475006,139.0,139.0,53500
2017-03-07,136.899994,138.5,130.149994,132.0,132.0,55900
2017-03-08,128.5,128.5,120.0,123.150002,123.150002,43500
2017-03-09,125.125,132.0,121.5,127.5,127.5,31900
2017-03-10,132.990005,137.0,126.0,135.0,135.0,45300
2017-03-13,135.25,136.5,128.509995,133.75,133.75,44300
2017-03-14,135.5,137.0,131.0,131.0,131.0,18300
2017-03-15,131.5,135.75,131.5,132.050003,132.050003,17700
2017-03-16,129.5,132.0,122.5,122.5,122.5,37000
2017-03-17,120.25,126.980003,117.0,118.0,118.0,62700
2017-03-20,113.0,113.25,104.0,106.0,106.0,77800
2017-03-21,109.0,123.0,109.0,123.0,123.0,39600
2017-03-22,119.099998,119.474998,109.120003,111.040001,111.040001,36000
2017-03-23,116.5,116.5,110.989998,112.0,112.0,7500
2017-03-24,110.0,110.25,105.800003,109.0,109.0,22600
2017-03-27,107.599998,114.0,107.099998,113.949997,113.949997,13500
2017-03-28,115.150002,118.0,111.5,111.5,111.5,16300
2017-03-29,111.510002,115.639999,111.510002,113.5,113.5,7800
2017-03-30,114.0,114.25,111.010002,112.0,112.0,5200
2017-03-31,112.0,120.900002,112.0,116.110001,116.110001,18900
2017-04-03,120.0,122.120003,120.0,121.25,121.25,16500
2017-04-04,121.099998,121.900002,119.5,120.099998,120.099998,10800
2017-04-05,120.099998,120.099998,118.199997,118.5,118.5,5900
2017-04-06,120.75,123.900002,120.5,122.400002,122.400002,15400
2017-04-07,122.5,124.239998,121.050003,123.0,123.0,10400
2017-04-10,125.0,127.5,122.0,125.0,125.0,13700
2017-04-11,124.0,127.400002,123.0,126.019997,126.019997,11100
2017-04-12,126.019997,126.940002,126.010002,126.010002,126.010002,4300
2017-04-13,126.010002,126.010002,120.0,120.010002,120.010002,15000
2017-04-17,120.75,124.940002,120.75,123.0,123.0,8000
2017-04-18,125.769997,126.150002,124.0,126.129997,126.129997,11700
2017-04-19,126.129997,126.129997,124.099998,125.5,125.5,4000
2017-04-20,127.400002,128.899994,126.5,128.399994,128.399994,9600
2017-04-21,127.599998,128.899994,124.800003,126.5,126.5,10900
2017-04-24,127.0,128.75,127.0,127.449997,127.449997,6700
2017-04-25,127.699997,130.100006,127.660004,128.600006,128.600006,20300
2017-04-26,129.494995,135.699997,129.494995,134.0,134.0,36900
2017-04-27,135.899994,142.0,135.5,142.0,142.0,44600
2017-04-28,140.0,143.0,137.0,137.699997,137.699997,23200
2017-05-01,143.955002,157.0,143.009995,154.490005,154.490005,53400
2017-05-02,157.5,162.78999299999998,147.020004,150.399994,150.399994,45600
2017-05-03,154.5,169.0,154.0,166.5,166.5,34100
2017-05-04,173.100006,191.0,167.0,170.0,170.0,56200
2017-05-05,172.5,188.0,172.5,183.0,183.0,36000
2017-05-08,195.445007,200.0,188.699997,200.0,200.0,44000
2017-05-09,212.125,234.0,212.125,233.0,233.0,65400
2017-05-10,233.0,265.0,210.5,220.0,220.0,128300
2017-05-11,220.44999700000002,239.899994,213.0,214.0,214.0,60600
2017-05-12,213.94999700000002,213.94999700000002,183.610001,188.0,188.0,60900
2017-05-15,189.0,204.0,188.550003,200.0,200.0,32100
2017-05-16,202.899994,205.0,198.0,205.0,205.0,41400
2017-05-17,215.00999500000003,219.99000499999997,211.0,211.5,211.5,41000
2017-05-18,215.625,219.899994,212.0,215.0,215.0,48600
2017-05-19,218.080002,232.36999500000002,217.11000099999998,219.0,219.0,49100
2017-05-22,250.0,264.98999,226.0,241.0,241.0,123300
2017-05-23,257.445007,295.0,255.5,294.0,294.0,141900
2017-05-24,315.450012,419.950012,310.0,415.0,415.0,337500
2017-05-25,495.0,565.0,375.0,477.0,477.0,448000
2017-05-26,464.505005,464.51000999999997,389.0,405.0,405.0,221000
2017-05-30,400.0,438.60000599999995,370.0,427.0,427.0,138200
2017-05-31,426.5,496.0,426.0,484.049988,484.049988,123200
2017-06-01,521.5,534.900024,481.0,511.75,511.75,136200
2017-06-02,513.5,521.450012,482.10000599999995,500.0,500.0,86700
2017-06-05,520.0,524.0,510.0,516.0,516.0,81900
2017-06-06,541.72998,560.0,525.0,546.450012,546.450012,113200
2017-06-07,544.875,545.0,525.0,528.0,528.0,57900
2017-06-08,528.950012,528.950012,467.51998899999995,485.0,485.0,100100
2017-06-09,487.51998899999995,507.839996,425.0,455.0,455.0,105600
2017-06-12,448.75,449.5,377.5,386.809998,386.809998,127000
2017-06-13,386.875,414.0,385.0,398.25,398.25,57500
2017-06-14,396.0,397.0,343.0,350.0,350.0,74700
2017-06-15,309.100006,384.350006,297.5,382.5,382.5,124000
2017-06-16,385.0,410.0,385.0,400.0,400.0,52700
2017-06-19,412.0,434.950012,412.0,424.0,424.0,49000
2017-06-20,436.0,460.950012,433.0,459.98999000000003,459.98999000000003,54000
2017-06-21,463.950012,470.0,429.0,435.0,435.0,50700
2017-06-22,438.216003,445.85000599999995,422.5,424.13500999999997,424.13500999999997,25900
2017-06-23,435.5,438.5,424.0,438.299988,438.299988,22100
2017-06-26,404.505005,405.0,385.25,391.799988,391.799988,58100
2017-06-27,388.5,400.0,365.0,396.75,396.75,44300
2017-06-28,405.040009,420.0,403.549988,412.0,412.0,30700
2017-06-29,412.0,412.0,385.5,400.0,400.0,18700
2017-06-30,391.26001,397.0,386.5,390.0,390.0,13100
2017-07-03,390.100006,408.5,390.019989,404.0,404.0,20600
2017-07-05,404.25,410.0,395.809998,407.350006,407.350006,14400
2017-07-06,410.5,410.5,397.25,400.0,400.0,12300
2017-07-07,396.98999,396.98999,380.5,393.01001,393.01001,18700
2017-07-10,395.5,395.5,380.25,385.0,385.0,26400
2017-07-11,387.0,387.0,375.25,376.0,376.0,20700
2017-07-12,378.0,399.910004,375.049988,399.910004,399.910004,28600
2017-07-13,398.890015,398.890015,383.0,391.5,391.5,15600
2017-07-14,379.5,382.75,373.100006,375.0,375.0,26800
2017-07-17,352.875,359.75,252.0,346.0,346.0,62500
2017-07-18,352.255005,378.0,352.01001,378.0,378.0,62000
2017-07-19,381.450012,386.75,358.0,358.0,358.0,45700
2017-07-20,379.924988,393.01001,379.924988,390.049988,390.049988,63400
2017-07-21,397.75,414.399994,390.299988,396.0,396.0,45800
2017-07-24,405.100006,430.0,405.100006,418.0,418.0,39100
2017-07-25,408.0,408.25,391.0,404.0,404.0,34000
2017-07-26,397.100006,406.980011,394.0,400.5,400.5,15300
2017-07-27,406.100006,414.5,403.02999900000003,405.0,405.0,16400
2017-07-28,425.494995,430.0,410.019989,420.0,420.0,32900
2017-07-31,426.0,426.44000199999994,402.980011,420.0,420.0,34000
2017-08-01,415.23999,426.5,399.0,424.0,424.0,28300
2017-08-02,426.10998499999994,461.10000599999995,426.10998499999994,443.10000599999995,443.10000599999995,61100
2017-08-03,458.0,475.5,458.0,472.0,472.0,34700
2017-08-04,477.0,480.0,472.0,475.0,475.0,29200
2017-08-07,525.25,550.0,511.10998499999994,539.0,539.0,80100
2017-08-08,541.48999,549.25,525.0,529.0,529.0,58200
2017-08-09,526.75,529.0,512.75,520.0,520.0,32300
2017-08-10,520.950012,563.0,520.900024,560.0,560.0,62900
2017-08-11,580.494995,624.5,580.48999,616.549988,616.549988,95100
2017-08-14,730.0,765.0,651.25,740.0,740.0,141700
2017-08-15,713.799988,721.0,620.0,685.01001,685.01001,127100
2017-08-16,699.0,746.5,698.98999,733.0,733.0,74100
2017-08-17,740.0,777.0,696.150024,743.0,743.0,101200
2017-08-18,744.0,753.0,703.5,703.5,703.5,85200
2017-08-21,703.0,708.0,680.26001,699.0,699.0,71300
2017-08-22,694.98999,720.0,679.0,717.75,717.75,60300
2017-08-23,725.900024,744.0,720.200012,730.0,730.0,32900
2017-08-24,739.825012,766.0,738.900024,750.0,750.0,45300
2017-08-25,767.0,778.0,755.0,755.0,755.0,57700
2017-08-28,764.960022,773.01001,755.5,766.25,766.25,35900
2017-08-29,783.25,843.0,783.25,832.98999,832.98999,87900
2017-08-30,841.2999880000001,932.2999880000001,840.0,927.0,927.0,105000
2017-08-31,988.9949949999999,1064.949951,970.0,1005.0,1005.0,165800
2017-09-01,1003.125,1025.73999,760.0,800.0,800.0,283100
2017-09-05,689.5,800.0,663.0,775.0,775.0,147900
2017-09-06,821.0,855.0,815.200012,830.25,830.25,61900
2017-09-07,858.0,882.9500119999999,790.0,790.0,790.0,73700
2017-09-08,790.26001,790.26001,701.01001,719.02002,719.02002,87800
2017-09-11,700.0,733.0,676.0,690.0,690.0,75000
2017-09-12,710.0,732.6900019999999,680.299988,695.0,695.0,64100
2017-09-13,650.0,650.0,566.0,566.0,566.0,168900
2017-09-14,499.119995,549.900024,481.0,518.380005,518.380005,139700
2017-09-15,515.525024,647.799988,508.01000999999997,630.005005,630.005005,161200
2017-09-18,705.450012,759.0,705.400024,744.97998,744.97998,117700
2017-09-19,740.275024,744.5,675.0,705.0,705.0,68500
2017-09-20,708.474976,740.0,705.0,710.0,710.0,37400
2017-09-21,704.494995,704.5,648.0,655.01001,655.01001,66200
2017-09-22,635.005005,664.0,607.01001,663.0,663.0,43900
2017-09-25,707.505005,717.400024,690.0,690.099976,690.099976,54600
2017-09-26,714.25,725.0,691.0,692.5,692.5,27600
2017-09-27,726.0599980000001,745.400024,715.0,739.5,739.5,56400
2017-09-28,741.75,742.0,710.0,715.5,715.5,32700
2017-09-29,722.75,725.0,698.5,702.0,702.0,31800
2017-10-02,719.5,735.0,705.76001,710.51001,710.51001,37400
2017-10-03,697.950012,699.0,675.0,686.0,686.0,30000
2017-10-04,686.0150150000001,686.02002,675.0,684.625,684.625,18600
2017-10-05,699.75,705.0,688.5,696.0,696.0,19500
2017-10-06,701.0,704.0,685.01001,688.0,688.0,19400
2017-10-09,704.125,712.0,666.0,697.75,697.75,63300
2017-10-10,697.955017,701.0,661.150024,669.429993,669.429993,52900
2017-10-11,667.25,667.5,601.0,625.02002,625.02002,86900
2017-10-12,680.825012,690.0,648.5,678.630005,678.630005,74100
2017-10-13,700.755005,709.98999,677.0,677.299988,677.299988,66000
2017-10-16,683.0,684.0,652.5,656.0,656.0,38100
2017-10-17,651.97998,686.0,625.0,671.900024,671.900024,62200
2017-10-18,647.025024,679.799988,641.0,666.159973,666.159973,31600
2017-10-19,679.25,687.5,668.01001,676.080017,676.080017,27800
2017-10-20,676.599976,708.98999,668.0,702.51001,702.51001,60500
2017-10-23,698.5,699.0,679.0,688.0,688.0,35600
2017-10-24,679.349976,692.0,675.0,680.0,680.0,18100
2017-10-25,678.244995,688.0,670.049988,677.0,677.0,25300
2017-10-26,689.89502,705.0,689.8900150000001,699.75,699.75,52600
2017-10-27,699.710022,700.0,672.5,681.5,681.5,43500
2017-10-30,707.0,726.5,702.200012,726.0,726.0,63600
2017-10-31,731.724976,834.75,731.0,828.3599849999999,828.3599849999999,129600
2017-11-01,860.195007,949.0,840.0,848.0,848.0,145700
2017-11-02,934.9949949999999,954.5,892.0,927.0,927.0,108000
2017-11-03,967.5499880000001,985.0,940.0,950.0,950.0,91100
2017-11-06,958.9949949999999,979.900024,888.0,924.01001,924.01001,99100
2017-11-07,907.5,910.0,882.5,899.0,899.0,54400
2017-11-08,936.275024,965.0,905.0,921.0,921.0,115000
2017-11-09,913.695007,930.73999,900.0,926.25,926.25,34800
2017-11-10,879.900024,921.48999,869.73999,880.0,880.0,84200
2017-11-13,872.679993,904.9699710000001,856.0,894.0,894.0,37933
