Close,CloseTarget,High,HighTarget,Low,LowTarget,Open,OpenTarget
3,1.2,3,3,0.6747,0.15,0.6747,3
1.2,1.2,3,1.2,0.15,1.2,3,1.2
1.2,1.2,1.2,1.2,1.2,1.2,1.2,1.2
1.2,0.99,1.2,1.2,1.2,0.6504,1.2,1.2
0.99,1.29,1.2,1.29,0.6504,0.905,1.2,0.99
1.29,1.88,1.29,1.88,0.905,1.26,0.99,1.29
1.88,1.79,1.88,2.1,1.26,1.79,1.29,1.88
1.79,1.79,2.1,1.79,1.79,1.5,1.88,1.79
1.79,1.37,1.79,1.79,1.5,0.5,1.79,1.79
1.37,1.3,1.79,1.59,0.5,1.25,1.79,1.37
1.3,1.36,1.59,1.36,1.25,1.15,1.37,1.3
1.36,1.24,1.36,1.36,1.15,0.99,1.3,1.36
1.24,1.52,1.36,1.52,0.99,1.24,1.36,1.24
1.52,1.44,1.52,1.53,1.24,1.44,1.24,1.52
1.44,1.4,1.53,1.44,1.44,1.4,1.52,1.44
1.4,1.35,1.44,1.4,1.4,1.31,1.44,1.4
1.35,1.24,1.4,1.35,1.31,1.24,1.4,1.35
1.24,1.27,1.35,1.28,1.24,1.22,1.35,1.24
1.27,1.18,1.28,1.27,1.22,1.08,1.24,1.27
1.18,1.14,1.27,1.19,1.08,1.14,1.27,1.18
1.14,1.3,1.19,1.3,1.14,1.14,1.18,1.14
1.3,1.18,1.3,1.3,1.14,1.15,1.14,1.3
1.18,1.32,1.3,1.35,1.15,1.17,1.3,1.18
1.32,1.31,1.35,1.32,1.17,0.9,1.18,1.32
1.31,1.36,1.32,1.38,0.9,1.31,1.32,1.31
1.36,1.14,1.38,1.37,1.31,1.14,1.31,1.36
1.14,1.23,1.37,1.33,1.14,1.14,1.36,1.14
1.23,1.35,1.33,1.4,1.14,1.28,1.14,1.28
1.35,1.37,1.4,1.37,1.28,1.23,1.28,1.23
1.37,1.34,1.37,1.39,1.23,1.34,1.23,1.37
1.34,1.28,1.39,1.34,1.34,1.28,1.37,1.34
1.28,1.26,1.34,1.28,1.28,1.26,1.34,1.28
1.26,1.21,1.28,1.26,1.26,1.21,1.28,1.26
1.21,1.19,1.26,1.21,1.21,1.12,1.26,1.21
1.19,0.9242,1.21,1.19,1.12,0.9242,1.21,1.19
0.9242,1.15,1.19,1.15,0.9242,0.9242,1.19,0.9242
1.15,0.8856,1.15,1.15,0.9242,0.8837,0.9242,1.15
0.8856,0.955,1.15,0.9622,0.8837,0.885,1.15,0.8856
0.955,0.95,0.9622,1,0.885,0.804,0.8856,0.955
0.95,0.9363,1,0.9563,0.804,0.9363,0.955,0.95
0.9363,0.875,0.9563,0.9363,0.9363,0.8238,0.95,0.9363
0.875,0.8523,0.9363,0.88,0.8238,0.8523,0.9363,0.875
0.8523,0.89,0.88,0.89,0.8523,0.8013,0.875,0.8523
0.89,0.8871,0.89,0.89,0.8013,0.88,0.8523,0.89
0.8871,0.9412,0.89,0.95,0.88,0.8871,0.89,0.8871
0.9412,0.8059,0.95,0.9412,0.8871,0.8059,0.8871,0.9412
0.8059,0.91,0.9412,0.91,0.8059,0.8059,0.9412,0.8059
0.91,0.8,0.91,0.91,0.8059,0.8,0.8059,0.91
0.8,0.6823,0.91,0.8,0.8,0.6823,0.91,0.8
0.6823,0.7703,0.8,0.7703,0.6823,0.6805,0.8,0.6823
0.7703,0.7008,0.7703,0.7703,0.6805,0.7007,0.6823,0.7703
0.7008,0.6,0.7703,0.7047,0.7007,0.6,0.7703,0.7008
0.6,0.6816,0.7047,0.6816,0.6,0.5,0.7008,0.6
0.6816,0.7137,0.6816,0.74,0.5,0.5046,0.6,0.6816
0.7137,0.6548,0.74,0.7137,0.5046,0.6545,0.6816,0.7137
0.6548,0.6647,0.7137,0.666,0.6545,0.6548,0.7137,0.6548
0.6647,0.6796,0.666,0.6796,0.6548,0.6647,0.6548,0.6647
0.6796,0.6095,0.6796,0.6747,0.6647,0.6095,0.6647,0.6796
0.6095,0.6078,0.6747,0.6095,0.6095,0.6078,0.6796,0.6095
0.6078,0.6511,0.6095,0.6511,0.6078,0.6091,0.6095,0.6078
0.6511,0.6,0.6511,0.611,0.6091,0.6,0.6078,0.6511
0.6,0.62,0.611,0.64,0.6,0.6,0.6511,0.6
0.62,0.6352,0.64,0.6352,0.6,0.5701,0.6,0.62
0.6352,0.6351,0.6352,0.75,0.5701,0.6351,0.62,0.75
0.6351,0.5993,0.75,0.5993,0.6351,0.5993,0.75,0.6352
0.5993,0.63,0.5993,0.639,0.5993,0.63,0.6352,0.5993
0.63,0.6017,0.639,0.65,0.63,0.6016,0.5993,0.63
0.6017,0.5,0.65,0.6017,0.6016,0.5,0.63,0.6017
0.5,0.56,0.6017,0.56,0.5,0.4832,0.6017,0.5
0.56,0.525,0.56,0.5622,0.4832,0.525,0.5,0.56
0.525,0.523,0.5622,0.54,0.525,0.52,0.56,0.525
0.523,0.505,0.54,0.52,0.52,0.505,0.525,0.523
0.505,0.5,0.52,0.505,0.505,0.4821,0.523,0.505
0.5,0.44,0.505,0.4805,0.4821,0.44,0.505,0.5
0.44,0.42,0.4805,0.4719,0.44,0.42,0.5,0.44
0.42,0.609,0.4719,0.609,0.42,0.411,0.44,0.42
0.609,0.5649,0.609,0.609,0.411,0.5,0.42,0.609
0.5649,0.5561,0.609,0.5561,0.5,0.51,0.609,0.5649
0.5561,0.62,0.5561,0.67,0.51,0.5875,0.5649,0.5561
0.62,0.706,0.67,0.706,0.5875,0.62,0.5561,0.62
0.706,0.83,0.706,0.901,0.62,0.7012,0.62,0.706
0.83,0.99,0.901,1.01,0.7012,0.82,0.706,0.83
0.99,1.12,1.01,1.2,0.82,0.9717,0.83,0.99
1.12,1.14,1.2,1.34,0.9717,1.12,0.99,1.12
1.14,0.8676,1.34,1.14,1.12,0.8676,1.12,1.14
0.8676,0.99,1.14,0.99,0.8676,0.8676,1.14,0.8676
0.99,0.9878,0.99,1.06,0.8676,0.9753,0.8676,0.99
0.9878,1.06,1.06,1.06,0.9753,0.8425,0.99,0.9878
1.06,0.799,1.06,1.06,0.8425,0.7987,0.9878,1.06
0.799,0.8764,1.06,1,0.7987,0.799,1.06,0.799
0.8764,0.9899,1,0.9899,0.799,0.79,0.799,0.8764
0.9899,0.93,0.9899,0.93,0.79,0.8647,0.8764,0.9899
0.93,1,0.93,1,0.8647,0.8945,0.9899,0.93
1,0.998,1,1.08,0.8945,0.89,0.93,1
0.998,0.9,1.08,1,0.89,0.9,1,0.998
0.9,0.75,1,0.94,0.9,0.73,0.998,0.9
0.75,0.88,0.94,0.9,0.73,0.75,0.9,0.75
0.88,0.9,0.9,0.9,0.75,0.8395,0.75,0.88
0.9,0.88,0.9,0.91,0.8395,0.8736,0.88,0.9
0.88,0.9193,0.91,0.9193,0.8736,0.8746,0.9,0.88
0.9193,0.925,0.9193,0.925,0.8746,0.6612,0.88,0.9193
0.925,1,0.925,1,0.6612,0.9224,0.9193,0.925
1,0.9973,1,1,0.9224,0.95,0.925,1
0.9973,0.94,1,1,0.95,0.92,1,0.9973
0.94,0.92,1,0.94,0.92,0.91,0.9973,0.94
0.92,0.96,0.94,0.96,0.91,0.92,0.94,0.92
0.96,0.97,0.96,0.97,0.92,0.8827,0.92,0.96
0.97,0.92,0.97,0.92,0.8827,0.92,0.96,0.97
0.92,0.91,0.92,0.95,0.92,0.91,0.97,0.92
0.91,0.87,0.95,0.9126,0.91,0.8674,0.92,0.91
0.87,0.86,0.9126,0.91,0.8674,0.8155,0.91,0.87
0.86,0.88,0.91,0.89,0.8155,0.88,0.87,0.86
0.88,0.91,0.89,0.91,0.88,0.88,0.86,0.88
0.91,0.87,0.91,0.91,0.88,0.85,0.88,0.91
0.87,0.88,0.91,0.88,0.85,0.8674,0.91,0.87
0.88,0.87,0.88,0.8885,0.8674,0.8423,0.87,0.88
0.87,0.82,0.8885,0.87,0.8423,0.8,0.88,0.87
0.82,0.83,0.87,0.83,0.8,0.7979,0.87,0.82
0.83,0.84,0.83,0.84,0.7979,0.8246,0.82,0.83
0.84,0.8699,0.84,0.8699,0.8246,0.8351,0.83,0.84
0.8699,0.825,0.8699,0.87,0.8351,0.825,0.84,0.8699
0.825,0.79,0.87,0.825,0.825,0.7829,0.8699,0.825
0.79,0.8102,0.825,0.898,0.7829,0.7796,0.825,0.79
0.8102,0.8051,0.898,0.8533,0.7796,0.761,0.79,0.8102
0.8051,0.8437,0.8533,0.8683,0.761,0.7797,0.8102,0.8051
0.8437,0.8998,0.8683,0.9,0.7797,0.77,0.8051,0.8437
0.8998,0.96,0.9,0.96,0.77,0.8998,0.8437,0.8998
0.96,0.9199,0.96,0.9749,0.8998,0.8835,0.8998,0.96
0.9199,0.99,0.9749,0.99,0.8835,0.9628,0.96,0.9199
0.99,1,0.99,1,0.9628,0.96,0.9199,0.99
1,0.803,1,1.1,0.96,0.8,0.99,1
0.803,0.94,1.1,0.9701,0.8,0.803,1,0.803
0.94,0.9,0.9701,0.94,0.803,0.9,0.803,0.94
0.9,0.8935,0.94,0.9193,0.9,0.8935,0.94,0.9
0.8935,1.07,0.9193,1.07,0.8935,0.8935,0.9,0.8935
1.07,0.91,1.07,1.07,0.8935,0.91,0.8935,1.07
0.91,0.88,1.07,0.9999,0.91,0.88,1.07,0.91
0.88,0.8709,0.9999,0.9897,0.88,0.87,0.91,0.88
0.8709,0.87,0.9897,0.8899,0.87,0.85,0.88,0.8709
0.87,0.88,0.8899,0.88,0.85,0.8569,0.8709,0.87
0.88,0.853,0.88,1,0.8569,0.85,0.87,0.88
0.853,0.918,1,0.918,0.85,0.84,0.88,0.853
0.918,0.8749,0.918,0.918,0.84,0.84,0.853,0.918
0.8749,0.86,0.918,0.89,0.84,0.8433,0.918,0.8749
0.86,0.8925,0.89,0.929,0.8433,0.86,0.8749,0.86
0.8925,0.9488,0.929,0.9666,0.86,0.8925,0.86,0.8925
0.9488,0.92,0.9666,0.9488,0.8925,0.9184,0.8925,0.9488
0.92,0.9547,0.9488,0.9547,0.9184,0.92,0.9488,0.92
0.9547,0.96,0.9547,0.97,0.92,0.9506,0.92,0.9547
0.96,0.95,0.97,0.9644,0.9506,0.9186,0.9547,0.96
0.95,0.9426,0.9644,0.9599,0.9186,0.9409,0.96,0.95
0.9426,0.95,0.9599,0.952,0.9409,0.9292,0.95,0.9426
0.95,0.94,0.952,0.96,0.9292,0.93,0.9426,0.95
0.94,0.985,0.96,0.985,0.93,0.94,0.95,0.94
0.985,0.985,0.985,0.998,0.94,0.9654,0.94,0.985
0.985,1,0.998,1,0.9654,0.9902,0.985,0.985
1,1.08,1,1.1,0.9902,1,0.985,1
1.08,1.22,1.1,1.25,1,1.05,1,1.08
1.22,1.14,1.25,1.22,1.05,1.07,1.08,1.22
1.14,1.16,1.22,1.16,1.07,1.1,1.22,1.14
1.16,1.2,1.16,1.33,1.1,1.16,1.14,1.16
1.2,1.22,1.33,1.32,1.16,1.2,1.16,1.2
1.22,1.31,1.32,1.31,1.2,1.21,1.2,1.22
1.31,1.47,1.31,1.55,1.21,1.31,1.22,1.31
1.47,1.22,1.55,1.47,1.31,1.22,1.31,1.47
1.22,1.54,1.47,1.61,1.22,1.22,1.47,1.22
1.54,1.54,1.61,1.61,1.22,1.4,1.22,1.54
1.54,1.52,1.61,1.66,1.4,1.42,1.54,1.54
1.52,2.03,1.66,2.03,1.42,1.39,1.54,1.52
2.03,2.1,2.03,2.3,1.39,1.1,1.52,2.03
2.1,2.5,2.3,2.88,1.1,2.05,2.03,2.1
2.5,2.3,2.88,2.8,2.05,2.25,2.1,2.5
2.3,2.42,2.8,2.8,2.25,1.88,2.5,2.3
2.42,2.55,2.8,2.61,1.88,2.24,2.3,2.42
2.55,2.41,2.61,2.61,2.24,2.21,2.42,2.55
2.41,2.44,2.61,2.6,2.21,2.37,2.55,2.41
2.44,2.2,2.6,2.54,2.37,2.2,2.41,2.44
2.2,2.17,2.54,2.32,2.2,2,2.44,2.2
2.17,2.45,2.32,2.45,2,2.12,2.2,2.17
2.45,2.53,2.45,2.54,2.12,2.3,2.17,2.45
2.53,2.57,2.54,2.79,2.3,2.5,2.45,2.53
2.57,2.56,2.79,2.59,2.5,2.47,2.53,2.57
2.56,2.53,2.59,2.57,2.47,2.48,2.57,2.56
2.53,3,2.57,3,2.48,2.51,2.56,2.53
3,3.16,3,3.24,2.51,2.75,2.53,3
3.16,3.76,3.24,3.97,2.75,3.14,3,3.16
3.76,4.35,3.97,4.98,3.14,3.5,3.16,3.76
4.35,6.38,4.98,6.38,3.5,3.44,3.76,4.35
6.38,5.27,6.38,6.47,3.44,5.05,4.35,6.38
5.27,5.22,6.47,5.8,5.05,4.07,6.38,5.27
5.22,5.2,5.8,5.41,4.07,4.5,5.27,5.22
5.2,5.22,5.41,5.98,4.5,4.5,5.22,5.2
5.22,4.25,5.98,5.44,4.5,4,5.2,5.22
4.25,3.86,5.44,4.78,4,3.5,5.22,4.25
3.86,4.36,4.78,4.75,3.5,3.32,4.25,3.86
4.36,4.45,4.75,4.75,3.32,4.06,3.86,4.36
4.45,4.37,4.75,4.72,4.06,4.01,4.36,4.45
4.37,4.63,4.72,4.63,4.01,4,4.45,4.37
4.63,5.6,4.63,5.84,4,4.5,4.37,4.63
5.6,5.7,5.84,6,4.5,5.32,4.63,5.6
5.7,6.23,6,6.5,5.32,5.51,5.6,5.7
6.23,5.93,6.5,6.64,5.51,5.55,5.7,6.23
5.93,6.03,6.64,6.29,5.55,5.71,6.23,5.93
6.03,6.31,6.29,6.5,5.71,5.75,5.93,6.03
6.31,6.5,6.5,6.54,5.75,6.15,6.03,6.31
6.5,6.35,6.54,6.62,6.15,6,6.31,6.5
6.35,7.59,6.62,7.6,6,6.25,6.5,6.35
7.59,8.7,7.6,9.9,6.25,7.04,6.35,7.59
8.7,9.35,9.9,9.94,7.04,8.3,7.59,8.7
9.35,9.96,9.94,9.96,8.3,8.27,8.7,9.35
9.96,11,9.96,12,8.27,9.75,9.35,9.96
11,10.98,12,11.9,9.75,9.75,9.96,11
10.98,9.5,11.9,11.47,9.75,9.06,11,10.98
9.5,9.88,11.47,10.89,9.06,8.49,10.98,9.5
9.88,11.55,10.89,12,8.49,9.6,9.5,9.88
11.55,11.11,12,12.05,9.6,10.25,9.88,11.55
11.11,11.25,12.05,11.62,10.25,10.4,11.55,11.11
11.25,13.25,11.62,13.48,10.4,11.03,11.11,11.25
13.25,15,13.48,15.18,11.03,12,11.25,13.25
15,12.5,15.18,15,12,10.5,13.25,15
12.5,13.09,15,13.45,10.5,10,15,12.5
13.09,12.92,13.45,13.75,10,12.8,12.5,13.09
12.92,11.14,13.75,13,12.8,10.2,13.09,12.92
11.14,10.75,13,11.47,10.2,8.09,12.92,11.14
10.75,10.55,11.47,11.19,8.09,9.8,11.14,10.75
10.55,10.06,11.19,10.85,9.8,9.52,10.75,10.55
10.06,11.97,10.85,11.99,9.52,9.93,10.55,10.06
11.97,10.96,11.99,12.2,9.93,10.95,10.06,11.97
10.96,12.29,12.2,12.5,10.95,10.96,11.97,10.96
12.29,11.13,12.5,12.48,10.96,10.84,10.96,12.29
11.13,10.69,12.48,11.4,10.84,10.51,12.29,11.13
10.69,11,11.4,11.38,10.51,10.58,11.13,10.69
11,10.5,11.38,11.09,10.58,10.11,10.69,11
10.5,11.58,11.09,11.83,10.11,10.3,11,10.5
11.58,11.73,11.83,11.8,10.3,11.19,10.5,11.58
11.73,11.88,11.8,12.13,11.19,11.21,11.58,11.73
11.88,11.41,12.13,12.13,11.21,11.33,11.73,11.88
11.41,11.63,12.13,11.89,11.33,11.27,11.88,11.41
11.63,11.61,11.89,11.67,11.27,11.35,11.41,11.63
11.61,11.58,11.67,11.64,11.35,11.46,11.63,11.61
11.58,11.1,11.64,11.63,11.46,10.99,11.61,11.58
11.1,10.39,11.63,11.26,10.99,10.01,11.58,11.1
10.39,10.79,11.26,11.13,10.01,10.25,11.1,10.39
10.79,10.08,11.13,10.8,10.25,9.9,10.39,10.79
10.08,9.74,10.8,10.32,9.9,9.59,10.79,10.08
9.74,9.16,10.32,10.05,9.59,9,10.08,9.74
9.16,8.8,10.05,9.2,9,7.35,9.74,9.16
8.8,8.72,9.2,8.95,7.35,7.99,9.16,8.8
8.72,7.53,8.95,8.72,7.99,7.15,8.8,8.72
7.53,8.02,8.72,8.76,7.15,7,8.72,7.53
8.02,8.48,8.76,8.88,7,8,7.53,8.02
8.48,8.22,8.88,8.61,8,8.12,8.02,8.48
8.22,8.48,8.61,8.57,8.12,8.15,8.48,8.22
8.48,9.45,8.57,9.99,8.15,8.48,8.22,8.48
9.45,8.92,9.99,9.51,8.48,8.46,8.48,9.45
8.92,8.77,9.51,9.25,8.46,8.55,9.45,8.92
8.77,8.54,9.25,8.92,8.55,8.35,8.92,8.77
8.54,8.15,8.92,8.7,8.35,8,8.77,8.54
8.15,7.83,8.7,8.37,8,7.66,8.54,8.15
7.83,8.31,8.37,8.54,7.66,7.72,8.15,7.83
8.31,8,8.54,8.45,7.72,7.82,7.83,8.31
8,7.43,8.45,8.1,7.82,7.27,8.31,8
7.43,7.5,8.1,7.6,7.27,7.1,8,7.43
7.5,7.77,7.6,7.99,7.1,7.33,7.43,7.5
7.77,7.3,7.99,7.79,7.33,7.25,7.5,7.77
7.3,7.51,7.79,7.72,7.25,7.19,7.77,7.3
7.51,8.83,7.72,9.49,7.19,7.46,7.3,7.51
8.83,8.76,9.49,9.19,7.46,8.42,7.51,8.83
8.76,10.03,9.19,10.43,8.42,8.75,8.83,8.76
10.03,9.37,10.43,10.17,8.75,8.61,8.76,10.03
9.37,9.43,10.17,9.98,8.61,9.21,10.03,9.37
9.43,9.79,9.98,9.97,9.21,9.27,9.37,9.43
9.79,9.27,9.97,9.95,9.27,9.09,9.43,9.79
9.27,9.3,9.95,9.45,9.09,9.09,9.79,9.27
9.3,9.44,9.45,9.54,9.09,8.91,9.27,9.3
9.44,9.32,9.54,9.73,8.91,9.17,9.3,9.44
9.32,9.39,9.73,9.5,9.17,9.22,9.44,9.32
9.39,9.97,9.5,10.01,9.22,9.37,9.32,9.39
9.97,10.1,10.01,10.57,9.37,9.79,9.39,9.97
10.1,10.48,10.57,11.12,9.79,10.04,9.97,10.1
10.48,10.14,11.12,10.66,10.04,9.74,10.1,10.48
10.14,9.94,10.66,10.47,9.74,9.91,10.48,10.14
9.94,11.04,10.47,11.4,9.91,9.93,10.14,9.94
11.04,12.26,11.4,12.6,9.93,11.03,9.94,11.04
12.26,13.29,12.6,14.35,11.03,12.11,11.04,12.26
13.29,14.49,14.35,14.65,12.11,13.02,12.26,13.29
14.49,13.73,14.65,15.01,13.02,13.36,13.29,14.49
13.73,13.95,15.01,14.02,13.36,12.91,14.49,13.73
13.95,14.21,14.02,14.3,12.91,13.77,13.73,13.95
14.21,13.45,14.3,14.4,13.77,13.32,13.95,14.21
13.45,12.62,14.4,13.81,13.32,11.9,14.21,13.45
12.62,12.53,13.81,12.9,11.9,11.82,13.45,12.62
12.53,12.37,12.9,12.91,11.82,12.04,12.62,12.53
12.37,11.11,12.91,12.33,12.04,10.39,12.53,12.37
11.11,11.56,12.33,12.22,10.39,10.34,12.37,11.11
11.56,12.28,12.22,12.43,10.34,11.37,11.11,11.56
12.28,12.48,12.43,12.76,11.37,12.03,11.56,12.28
12.48,13.85,12.76,14.28,12.03,12.43,12.28,12.48
13.85,13.83,14.28,14.26,12.43,13.4,12.48,13.85
13.83,13.78,14.26,14.08,13.4,13.62,13.85,13.83
13.78,13.78,14.08,14.32,13.62,13.17,13.83,13.78
13.78,13.66,14.32,13.91,13.17,13.33,13.78,13.78
13.66,13.85,13.91,13.9,13.33,13.49,13.78,13.66
13.85,13.96,13.9,14.04,13.49,13.71,13.66,13.85
13.96,14.41,14.04,14.55,13.71,13.77,13.85,13.96
14.41,14.44,14.55,14.76,13.77,14.3,13.96,14.41
14.44,14.49,14.76,14.73,14.3,14.37,14.41,14.44
14.49,13.97,14.73,14.52,14.37,13.74,14.44,14.49
13.97,14.01,14.52,14.17,13.74,13.76,14.49,13.97
14.01,15.57,14.17,15.6,13.76,13.91,13.97,14.01
15.57,17.55,15.6,17.6,13.91,15.33,14.01,15.57
17.55,18.7,17.6,19.17,15.33,16.34,15.57,17.55
18.7,18.3,19.17,18.79,16.34,17.51,17.55,18.7
18.3,20.61,18.79,21.35,17.51,18.21,18.7,18.3
20.61,15.49,21.35,21.39,18.21,13.44,18.3,20.61
15.49,11.36,21.39,15.53,13.44,9.94,20.61,15.49
11.36,12.33,15.53,13.53,9.94,10.55,15.49,11.36
12.33,11.7,13.53,12.61,10.55,10.42,11.36,12.33
11.7,12.71,12.61,12.76,10.42,11.08,12.33,11.7
12.71,13.21,12.76,15.9,11.08,12.64,11.7,12.71
13.21,13.58,15.9,13.91,12.64,12.48,12.71,13.21
13.58,14.25,13.91,14.8,12.48,13.12,13.21,13.58
14.25,14.28,14.8,14.62,13.12,13.89,13.58,14.25
14.28,13.82,14.62,14.33,13.89,13.56,14.25,14.28
13.82,14.04,14.33,14.43,13.56,13.6,14.28,13.82
14.04,12.15,14.43,14.14,13.6,11.36,13.82,14.04
12.15,12.76,14.14,12.98,11.36,11.59,14.04,12.15
12.76,12.4,12.98,12.82,11.59,12.12,12.15,12.76
12.4,12.23,12.82,12.55,12.12,11.65,12.76,12.4
12.23,12.04,12.55,12.3,11.65,11.87,12.4,12.23
12.04,11.85,12.3,12.15,11.87,11.56,12.23,12.04
11.85,11.34,12.15,11.88,11.56,10.67,12.04,11.85
11.34,10.45,11.88,11.41,10.67,8.98,11.85,11.34
10.45,10.51,11.41,11.07,8.98,10.16,11.34,10.45
10.51,10.07,11.07,10.6,10.16,9.69,10.45,10.51
10.07,11.3,10.6,11.67,9.69,9.96,10.51,10.07
11.3,10.92,11.67,11.5,9.96,10.68,10.07,11.3
10.92,10.97,11.5,11.14,10.68,10.77,11.3,10.92
10.97,10.58,11.14,11.03,10.77,10.1,10.92,10.97
10.58,10.54,11.03,10.84,10.1,10.43,10.97,10.58
10.54,10.44,10.84,10.67,10.43,10.39,10.58,10.54
10.44,11.55,10.67,11.69,10.39,10.37,10.54,10.44
11.55,11.88,11.69,12.64,10.37,11.4,10.44,11.55
11.88,11.59,12.64,12.12,11.4,11.5,11.55,11.88
11.59,11.19,12.12,11.73,11.5,10.9,11.88,11.59
11.19,11.03,11.73,11.66,10.9,10.9,11.59,11.19
11.03,11.63,11.66,12.1,10.9,10.95,11.19,11.03
11.63,12.54,12.1,13,10.95,11.4,11.03,11.63
12.54,12.66,13,12.92,11.4,12.02,11.63,12.54
12.66,14.82,12.92,15.06,12.02,12.57,12.54,12.66
14.82,14.4,15.06,15.27,12.57,13.99,12.66,14.82
14.4,12.63,15.27,14.68,13.99,12.15,14.82,14.4
12.63,13.84,14.68,13.88,12.15,12.59,14.4,12.63
13.84,12.08,13.88,13.9,12.59,11.74,12.63,13.84
12.08,13.05,13.9,13.52,11.74,11.73,13.84,12.08
13.05,12.87,13.52,13.08,11.73,12.48,12.08,13.05
12.87,12.87,13.08,12.93,12.48,12.56,13.05,12.87
12.87,12.57,12.93,12.88,12.56,12.53,12.87,12.87
12.57,11.86,12.88,12.56,12.53,11.54,12.87,12.57
11.86,11.04,12.56,12.05,11.54,10.15,12.57,11.86
11.04,8.3,12.05,11.2,10.15,7.03,11.86,11.04
8.3,10.42,11.2,10.64,7.03,8.09,11.04,8.3
10.42,11.21,10.64,11.53,8.09,10.25,8.3,10.42
11.21,11.05,11.53,11.32,10.25,10.73,10.42,11.21
11.05,10.95,11.32,11.09,10.73,10.34,11.21,11.05
10.95,10.98,11.09,11.13,10.34,10.76,11.05,10.95
10.98,11.29,11.13,11.49,10.76,10.83,10.95,10.98
11.29,12.22,11.49,12.43,10.83,11.17,10.98,11.29
12.22,12.22,12.43,12.67,11.17,11.86,11.29,12.22
12.22,11.68,12.67,12.35,11.86,11.59,12.22,12.22
11.68,11.78,12.35,12.04,11.59,11.58,12.22,11.68
11.78,11.56,12.04,11.83,11.58,11.49,11.68,11.78
11.56,11.21,11.83,11.71,11.49,11.08,11.78,11.56
11.21,11.21,11.71,11.43,11.08,10.97,11.56,11.21
11.21,11.17,11.43,11.43,10.97,10.98,11.21,11.21
11.17,10.77,11.43,11.23,10.98,10.71,11.21,11.17
10.77,10.77,11.23,11.07,10.71,10.74,11.17,10.77
10.77,10.71,11.07,10.85,10.74,10.64,10.77,10.77
10.71,11.28,10.85,11.35,10.64,10.68,10.77,10.71
11.28,11.14,11.35,11.31,10.68,10.96,10.71,11.28
11.14,11.07,11.31,11.37,10.96,11.04,11.28,11.14
11.07,11.01,11.37,11.22,11.04,10.87,11.14,11.07
11.01,11.01,11.22,11.17,10.87,10.92,11.07,11.01
11.01,11.35,11.17,11.36,10.92,10.98,11.01,11.01
11.35,11.26,11.36,11.44,10.98,11.19,11.01,11.35
11.26,11.19,11.44,11.29,11.19,11.15,11.35,11.26
11.19,10.99,11.29,11.21,11.15,10.98,11.26,11.19
10.99,10.95,11.21,11.16,10.98,10.77,11.19,10.99
10.95,11.21,11.16,11.3,10.77,10.94,10.99,10.95
11.21,11.55,11.3,11.74,10.94,11.14,10.95,11.21
11.55,12.21,11.74,12.6,11.14,11.55,11.21,11.55
12.21,12.08,12.6,12.37,11.55,11.92,11.55,12.21
12.08,11.85,12.37,12.41,11.92,11.55,12.21,12.08
11.85,11.71,12.41,11.93,11.55,11.49,12.08,11.85
11.71,11.75,11.93,11.83,11.49,11.59,11.85,11.71
11.75,11.7,11.83,11.76,11.59,11.45,11.71,11.75
11.7,11.59,11.76,11.86,11.45,11.5,11.75,11.7
11.59,11.39,11.86,11.72,11.5,11.29,11.7,11.59
11.39,11.72,11.72,11.76,11.29,11.29,11.59,11.39
11.72,12.05,11.76,12.06,11.29,11.49,11.39,11.72
12.05,11.64,12.06,12.2,11.49,11.58,11.72,12.05
11.64,11.89,12.2,11.96,11.58,11.62,12.05,11.64
11.89,11.92,11.96,12.14,11.62,11.82,11.64,11.89
11.92,11.97,12.14,12.06,11.82,11.76,11.89,11.92
11.97,11.96,12.06,12.14,11.76,11.89,11.92,11.97
11.96,12.61,12.14,12.81,11.89,11.89,11.97,11.96
12.61,12.83,12.81,12.92,11.89,12.43,11.96,12.61
12.83,12.39,12.92,13,12.43,12.21,12.61,12.83
12.39,12.93,13,13.16,12.21,12.36,12.83,12.39
12.93,14.72,13.16,14.75,12.36,12.92,12.39,12.93
14.72,13.72,14.75,14.84,12.92,13.18,12.93,14.72
13.72,13.11,14.84,13.84,13.18,12.37,14.72,13.72
13.11,13.36,13.84,13.46,12.37,13.08,13.72,13.11
13.36,12.91,13.46,13.4,13.08,12.63,13.11,13.36
12.91,13.05,13.4,13.17,12.63,12.79,13.36,12.91
13.05,12.89,13.17,13.16,12.79,12.8,12.91,13.05
12.89,13.09,13.16,13.3,12.8,12.83,13.05,12.89
13.09,13.3,13.3,13.56,12.83,13.06,12.89,13.09
13.3,13.17,13.56,13.38,13.06,13.09,13.09,13.3
13.17,13.24,13.38,13.39,13.09,13.06,13.3,13.17
13.24,13.21,13.39,13.3,13.06,13.07,13.17,13.24
13.21,13.23,13.3,13.3,13.07,13.15,13.24,13.21
13.23,13.45,13.3,13.51,13.15,13.18,13.21,13.23
13.45,13.32,13.51,13.56,13.18,13.23,13.23,13.45
13.32,13.09,13.56,13.44,13.23,13.09,13.45,13.32
13.09,12.87,13.44,13.19,13.09,12.66,13.32,13.09
12.87,12.68,13.19,13.08,12.66,12.5,13.09,12.87
12.68,12.24,13.08,12.76,12.5,12.04,12.87,12.68
12.24,12.06,12.76,12.41,12.04,11.97,12.68,12.24
12.06,11.74,12.41,12.15,11.97,11.6,12.24,12.06
11.74,11.75,12.15,12.23,11.6,11.7,12.06,11.74
11.75,11.77,12.23,12.09,11.7,11.68,11.74,11.75
11.77,12.02,12.09,12.1,11.68,11.74,11.75,11.77
12.02,11.9,12.1,12.06,11.74,11.84,11.77,12.02
11.9,11.96,12.06,11.98,11.84,11.76,12.02,11.9
11.96,11.93,11.98,12.04,11.76,11.87,11.9,11.96
11.93,11.98,12.04,12,11.87,11.82,11.96,11.93
11.98,12.5,12,12.92,11.82,11.93,11.93,11.98
12.5,11.98,12.92,12.65,11.93,11.88,11.98,12.5
11.98,12.05,12.65,12.26,11.88,11.93,12.5,11.98
12.05,12.07,12.26,12.13,11.93,11.97,11.98,12.05
12.07,12.06,12.13,12.16,11.97,11.9,12.05,12.07
12.06,11.95,12.16,12.09,11.9,11.9,12.07,12.06
11.95,11.93,12.09,12.02,11.9,11.89,12.06,11.95
11.93,11.38,12.02,11.96,11.89,11.08,11.95,11.93
11.38,11.5,11.96,11.69,11.08,11.29,11.93,11.38
11.5,11.43,11.69,11.57,11.29,11.21,11.38,11.5
11.43,11.08,11.57,11.6,11.21,10.93,11.5,11.43
11.08,10.39,11.6,11.25,10.93,9.42,11.43,11.08
10.39,11.22,11.25,11.42,9.42,10.28,11.08,10.39
11.22,10.91,11.42,11.64,10.28,10.86,10.39,11.22
10.91,10.75,11.64,11.19,10.86,10.32,11.22,10.91
10.75,10.82,11.19,11.16,10.32,10.69,10.91,10.75
10.82,10.86,11.16,11.12,10.69,10.71,10.75,10.82
10.86,11.13,11.12,11.15,10.71,10.8,10.82,10.86
11.13,11.11,11.15,11.21,10.8,10.98,10.86,11.13
11.11,10.97,11.21,11.16,10.98,10.89,11.13,11.11
10.97,10.9,11.16,11.04,10.89,10.85,11.11,10.97
10.9,10.86,11.04,11.01,10.85,10.79,10.97,10.9
10.86,10.64,11.01,10.83,10.79,10.16,10.9,10.86
10.64,10.52,10.83,10.73,10.16,10.44,10.86,10.64
10.52,10.29,10.73,10.67,10.44,10.19,10.64,10.52
10.29,9.96,10.67,10.34,10.19,9.64,10.52,10.29
9.96,10.13,10.34,10.38,9.64,9.68,10.29,9.96
10.13,10,10.38,10.17,9.68,9.9,9.96,10.13
10,10.22,10.17,10.32,9.9,9.81,10.13,10
10.22,10.01,10.32,10.38,9.81,9.85,10,10.22
10.01,9.95,10.38,10.14,9.85,9.81,10.22,10.01
9.95,9.53,10.14,9.99,9.81,9.42,10.01,9.95
9.53,9.7,9.99,9.76,9.42,9.45,9.95,9.53
9.7,9.57,9.76,9.76,9.45,9.5,9.53,9.7
9.57,9.56,9.76,9.65,9.5,9.43,9.7,9.57
9.56,9.84,9.65,10.25,9.43,9.51,9.57,9.56
9.84,9.78,10.25,9.93,9.51,9.71,9.56,9.84
9.78,9.22,9.93,9.82,9.71,8.69,9.84,9.78
9.22,9.39,9.82,9.75,8.69,9.17,9.78,9.22
9.39,9.34,9.75,9.49,9.17,9.25,9.22,9.39
9.34,8.91,9.49,9.34,9.25,8.64,9.39,9.34
8.91,8.66,9.34,9.04,8.64,8.56,9.34,8.91
8.66,8.18,9.04,8.71,8.56,7.8,8.91,8.66
8.18,8.59,8.71,8.73,7.8,8.07,8.66,8.18
8.59,8.44,8.73,8.67,8.07,8.27,8.18,8.59
8.44,7.65,8.67,8.44,8.27,7.3,8.59,8.44
7.65,7.9,8.44,8.13,7.3,7.44,8.44,7.65
7.9,7.54,8.13,7.92,7.44,7.42,7.65,7.9
7.54,6.69,7.92,7.6,7.42,6.53,7.9,7.54
6.69,7.61,7.6,7.8,6.53,5.97,7.54,6.69
7.61,8.35,7.8,8.55,5.97,7.39,6.69,7.61
8.35,8.3,8.55,8.9,7.39,8.19,7.61,8.35
8.3,8.52,8.9,8.64,8.19,7.98,8.35,8.3
8.52,8.09,8.64,8.58,7.98,8.01,8.3,8.52
8.09,8.2,8.58,8.25,8.01,8.06,8.52,8.09
8.2,8.45,8.25,8.6,8.06,8.15,8.09,8.2
8.45,8.4,8.6,8.54,8.15,8.31,8.2,8.45
8.4,8.23,8.54,8.47,8.31,8.2,8.45,8.4
8.23,7.76,8.47,8.28,8.2,7.67,8.4,8.23
7.76,7.85,8.28,7.94,7.67,7.75,8.23,7.76
7.85,7.66,7.94,7.87,7.75,7.47,7.76,7.85
7.66,7.89,7.87,7.94,7.47,7.66,7.85,7.66
7.89,7.61,7.94,7.92,7.66,7.57,7.66,7.89
7.61,7.59,7.92,7.76,7.57,7.54,7.89,7.61
7.59,7.87,7.76,7.96,7.54,7.57,7.61,7.59
7.87,7.64,7.96,7.92,7.57,7.48,7.59,7.87
7.64,7.16,7.92,7.64,7.48,7.05,7.87,7.64
7.16,7.23,7.64,7.44,7.05,7.02,7.64,7.16
7.23,7.19,7.44,7.31,7.02,7.1,7.16,7.23
7.19,7.21,7.31,7.3,7.1,6.98,7.23,7.19
7.21,7.15,7.3,7.34,6.98,7.03,7.19,7.21
7.15,7.57,7.34,7.72,7.03,7.03,7.21,7.15
7.57,8.21,7.72,8.51,7.03,7.49,7.15,7.57
8.21,8.16,8.51,8.48,7.49,7.99,7.57,8.21
8.16,8.05,8.48,8.23,7.99,7.92,8.21,8.16
8.05,8.14,8.23,8.54,7.92,8.02,8.16,8.05
8.14,8.33,8.54,8.47,8.02,8.03,8.05,8.14
8.33,9.59,8.47,9.94,8.03,8.18,8.14,8.33
9.59,10.88,9.94,10.89,8.18,9.31,8.33,9.59
10.88,10.2,10.89,11.63,9.31,9.07,9.59,10.88
10.2,10.07,11.63,10.42,9.07,9.44,10.88,10.2
10.07,9.78,10.42,10.12,9.44,9.47,10.2,10.07
9.78,10.27,10.12,10.39,9.47,9.67,10.07,9.78
10.27,10.2,10.39,10.75,9.67,10.03,9.78,10.27
10.2,10.55,10.75,10.68,10.03,10.23,10.27,10.2
10.55,9.83,10.68,10.72,10.23,9.49,10.2,10.55
9.83,9.81,10.72,10.23,9.49,9.14,10.55,9.83
9.81,9.78,10.23,9.9,9.14,9.47,9.83,9.81
9.78,9.78,9.9,9.91,9.47,9.63,9.81,9.78
9.78,9.88,9.91,9.99,9.63,9.73,9.78,9.78
9.88,9.59,9.99,10.12,9.73,9.55,9.78,9.88
9.59,10.14,10.12,10.53,9.55,9.56,9.88,9.59
10.14,10.19,10.53,10.46,9.56,9.91,9.59,10.14
10.19,10.43,10.46,10.52,9.91,10.17,10.14,10.19
10.43,10.6,10.52,10.75,10.17,10.31,10.19,10.43
10.6,10.91,10.75,11,10.31,10.54,10.43,10.6
10.91,10.71,11,11.01,10.54,10.6,10.6,10.91
10.71,10.78,11.01,10.96,10.6,10.63,10.91,10.71
10.78,10.51,10.96,10.87,10.63,10.49,10.71,10.78
10.51,10.51,10.87,10.65,10.49,10.4,10.78,10.51
10.51,10.65,10.65,10.67,10.4,10.48,10.51,10.51
10.65,10.51,10.67,10.67,10.48,10.41,10.51,10.65
10.51,10.54,10.67,10.57,10.41,10.44,10.65,10.51
10.54,10.47,10.57,10.56,10.44,10.44,10.51,10.54
10.47,10.62,10.56,10.77,10.44,10.42,10.54,10.47
10.62,10.71,10.77,10.8,10.42,10.53,10.47,10.62
10.71,10.71,10.8,10.87,10.53,10.53,10.62,10.71
10.71,10.78,10.87,10.92,10.53,10.57,10.71,10.71
10.78,10.95,10.92,10.95,10.57,10.55,10.71,10.78
10.95,11.32,10.95,11.4,10.55,10.88,10.78,10.95
11.32,11.22,11.4,11.39,10.88,11.1,10.95,11.32
11.22,11.32,11.39,11.39,11.1,11.18,11.32,11.22
11.32,11.45,11.39,11.55,11.18,11.26,11.22,11.32
11.45,11.39,11.55,11.6,11.26,11.11,11.32,11.45
11.39,10.94,11.6,11.49,11.11,10.53,11.45,11.39
10.94,11.34,11.49,11.44,10.53,10.81,11.39,10.94
11.34,11.43,11.44,11.45,10.81,11.28,10.94,11.34
11.43,11.42,11.45,11.49,11.28,11.34,11.34,11.43
11.42,11.39,11.49,11.49,11.34,11.19,11.43,11.42
11.39,13,11.49,14.05,11.19,11.32,11.42,11.39
13,12.97,14.05,13.68,11.32,12.63,11.39,13
12.97,12.95,13.68,13.06,12.63,12.64,13,12.97
12.95,12.72,13.06,12.94,12.64,12.68,12.97,12.95
12.72,12.83,12.94,12.89,12.68,12.71,12.95,12.72
12.83,12.82,12.89,12.92,12.71,12.74,12.72,12.83
12.82,12.52,12.92,12.9,12.74,12.48,12.83,12.82
12.52,12.77,12.9,12.84,12.48,12.25,12.82,12.52
12.77,12.69,12.84,12.9,12.25,12.62,12.52,12.77
12.69,13.13,12.9,13.3,12.62,12.64,12.77,12.69
13.13,13.11,13.3,13.29,12.64,12.72,12.69,13.13
13.11,13.57,13.29,13.78,12.72,12.97,13.13,13.11
13.57,14.59,13.78,14.65,12.97,13.37,13.11,13.57
14.59,15.55,14.65,16.09,13.37,14.3,13.57,14.59
15.55,16.07,16.09,16.75,14.3,15.19,14.59,15.55
16.07,17.55,16.75,17.65,15.19,15.68,15.55,16.07
17.55,19.08,17.65,19.64,15.68,16.58,16.07,17.55
19.08,19.48,19.64,21.06,16.58,17.81,17.55,19.08
19.48,18.61,21.06,20.19,17.81,18.56,19.08,19.48
18.61,19.22,20.19,19.4,18.56,18.1,19.48,18.61
19.22,19.75,19.4,20.3,18.1,19,18.61,19.22
19.75,18.91,20.3,19.81,19,18.52,19.22,19.75
18.91,16.54,19.81,18.93,18.52,16.51,19.75,18.91
16.54,17.71,18.93,18.13,16.51,15.94,18.91,16.54
17.71,19.13,18.13,19.68,15.94,16.57,16.54,17.71
19.13,21.45,19.68,21.64,16.57,18.72,17.71,19.13
21.45,23.31,21.64,23.81,18.72,21.2,19.13,21.45
23.31,28.45,23.81,31.04,21.2,23.3,21.45,23.31
28.45,28.58,31.04,29.88,23.3,26.91,23.31,28.45
28.58,35.18,29.88,35.32,26.91,28.31,28.45,28.58
35.18,45.51,35.32,46.55,28.31,34.76,28.58,35.18
45.51,44.48,46.55,54.88,34.76,34.55,35.18,45.51
44.48,34,54.88,45.24,34.55,30.63,45.51,44.48
34,43.12,45.24,45.55,30.63,33.4,44.48,34
43.12,42.51,45.55,45.51,33.4,40.93,34,43.12
42.51,42.67,45.51,43.8,40.93,41.68,43.12,42.51
42.67,41.65,43.8,42.94,41.68,38.56,42.51,42.67
41.65,43.2,42.94,44.26,38.56,40.59,42.67,41.65
43.2,53.19,44.26,53.74,40.59,42.77,41.65,43.2
53.19,50.62,53.74,53.59,42.77,47.62,43.2,53.19
50.62,50.63,53.59,51.68,47.62,48.45,53.19,50.62
50.63,49.06,51.68,51.72,48.45,48.33,50.62,50.63
49.06,50.25,51.72,50.55,48.33,48.5,50.63,49.06
50.25,53.07,50.55,53.97,48.5,50.08,49.06,50.25
53.07,51.91,53.97,53.63,50.08,51.36,50.25,53.07
51.91,49.91,53.63,52.22,51.36,46.83,53.07,51.91
49.91,50.6,52.22,51.77,46.83,48.65,51.91,49.91
50.6,48.55,51.77,51.15,48.65,47.58,49.91,50.6
48.55,44.13,51.15,48.76,47.58,42.49,50.6,48.55
44.13,44.43,48.76,45.97,42.49,41.28,48.55,44.13
44.43,44.9,45.97,47.49,41.28,44.12,44.13,44.43
44.9,43.23,47.49,45.87,44.12,40.99,44.43,44.9
43.23,42.31,45.87,44.58,40.99,41.58,44.9,43.23
42.31,44.37,44.58,45.77,41.58,42.17,43.23,42.31
44.37,43.72,45.77,44.73,42.17,42.79,42.31,44.37
43.72,43.74,44.73,44.57,42.79,42.49,44.37,43.72
43.74,43.74,44.57,44.43,42.49,43.47,43.72,43.74
43.74,46.38,44.43,47.89,43.47,43.26,43.74,43.74
46.38,49.97,47.89,51.04,43.26,46.14,43.74,46.38
49.97,47.32,51.04,50.1,46.14,46.53,46.38,49.97
47.32,48.89,50.1,62.03,46.53,46.89,49.97,47.32
48.89,48.22,62.03,49.23,46.89,47.54,47.32,48.89
48.22,47.94,49.23,48.53,47.54,47.57,48.89,48.22
47.94,49.88,48.53,50.25,47.57,47.75,48.22,47.94
49.88,47.88,50.25,50.5,47.75,46.86,47.94,49.88
47.88,49.36,50.5,49.56,46.86,47.51,49.88,47.88
49.36,48.27,49.56,49.46,47.51,48.09,47.88,49.36
48.27,48.41,49.46,48.94,48.09,47.98,49.36,48.27
48.41,48.75,48.94,48.92,47.98,47.91,48.27,48.41
48.75,49.94,48.92,50.41,47.91,48.72,48.41,48.75
49.94,50.09,50.41,50.61,48.72,49.79,48.75,49.94
50.09,53.28,50.61,54.61,49.79,50.01,49.94,50.09
53.28,63.14,54.61,63.42,50.01,52.43,50.09,53.28
63.14,72.42,63.42,73.85,52.43,62.08,53.28,63.14
72.42,69.83,73.85,74.03,62.08,67.62,63.14,72.42
69.83,79.83,74.03,81.26,67.62,69.28,72.42,69.83
79.83,77.53,81.26,83.87,69.28,71.46,69.83,79.83
77.53,77.25,83.87,81.24,71.46,74.64,79.83,77.53
77.25,80.37,81.24,80.96,74.64,75.4,77.53,77.25
80.37,94.55,80.96,95.31,75.4,79.34,77.25,80.37
94.55,90.79,95.31,97.66,79.34,87.11,80.37,94.55
90.79,94.82,97.66,95.6,87.11,90.56,94.55,90.79
94.82,90.46,95.6,96.37,90.56,62.74,90.79,94.82
90.46,88.39,96.37,93.45,62.74,80.93,94.82,90.46
88.39,86.27,93.45,89.58,80.93,75.07,90.46,88.39
86.27,87.83,89.58,91.32,75.07,84.99,88.39,86.27
87.83,88.2,91.32,90.55,84.99,85.77,86.27,87.83
88.2,85.15,90.55,90.57,85.77,83.15,87.83,88.2
85.15,87.96,90.57,88.59,83.15,81.81,88.2,85.15
87.96,88.72,88.59,89.7,81.81,86.33,85.15,87.96
88.72,90.32,89.7,94.3,86.33,86.75,87.96,88.72
90.32,87.8,94.3,92.18,86.75,85.68,88.72,90.32
87.8,86.98,92.18,89.4,85.68,81.99,90.32,87.8
86.98,95.88,89.4,96.1,81.99,86.69,87.8,86.98
95.88,124.38,96.1,129.47,86.69,95.73,86.98,95.88
124.38,123.06,129.47,129.07,95.73,120.61,95.88,124.38
123.06,148,129.07,148.6,120.61,121.72,124.38,123.06
148,160.39,148.6,181.46,121.72,133.38,123.06,148
160.39,169.5,181.46,176.04,133.38,155.06,148,160.39
169.5,193.03,176.04,201.15,155.06,167.81,160.39,169.5
193.03,177.33,201.15,216.1,167.81,160.86,169.5,193.03
177.33,162.83,216.1,197.67,160.86,141.56,193.03,177.33
162.83,156.63,197.67,169.62,141.56,114.17,177.33,162.83
156.63,172.86,169.62,182.36,114.17,156.51,162.83,156.51
172.86,194.17,182.36,197.74,156.51,165.36,156.51,172.86
194.17,228.58,197.74,232.08,165.36,185.83,172.86,194.17
228.58,228.64,232.08,233.92,185.83,214.05,194.17,228.58
228.64,220.7,233.92,235.52,214.05,208,228.58,228.64
220.7,222.04,235.52,227.71,208,216.94,228.64,220.7
222.04,224.3,227.71,226.41,216.94,218.79,220.7,222.04
224.3,244.96,226.41,249.34,218.79,223.88,222.04,224.3
244.96,247.75,249.34,248.62,223.88,241.5,224.3,244.96
247.75,264.26,248.62,268.12,241.5,246.5,244.96,247.75
264.26,255.77,268.12,264.8,246.5,246.17,247.75,264.26
255.77,259.41,264.8,260.77,246.17,250.89,264.26,255.77
259.41,279.11,260.77,279.14,250.89,259.36,255.77,259.41
279.11,335.95,279.14,351.82,259.36,278.79,259.41,279.11
335.95,339.68,351.82,351.21,278.79,314.39,279.11,335.95
339.68,394.66,351.21,417.21,314.39,311.99,335.95,339.68
394.66,388.09,417.21,399.5,311.99,359.7,339.68,394.66
388.09,343.84,399.5,393.62,359.7,317.23,394.66,388.09
343.84,344.68,393.62,351.94,317.23,260.78,388.09,343.84
344.68,353.61,351.94,360.84,260.78,316.83,343.84,344.68
353.61,368.1,360.84,368.33,316.83,342.85,344.68,353.61
368.1,351.53,368.33,379.17,342.85,341.29,353.61,368.1
351.53,358.2,379.17,361.5,341.29,348.66,368.1,351.53
358.2,350.53,361.5,365.22,348.66,323.69,351.53,358.2
350.53,325.3,365.22,352.83,323.69,138.5,358.2,350.53
325.3,320.97,352.83,333.4,138.5,308.21,350.53,325.3
320.97,326.85,333.4,331.53,308.21,319.62,325.3,320.97
326.85,304.54,331.53,330.28,319.62,298.73,320.97,326.85
304.54,279.36,330.28,309.98,298.73,253.3,326.85,304.54
279.36,253.68,309.98,293.55,253.3,209.55,304.54,279.36
253.68,286.14,293.55,286.64,209.55,211.47,279.36,253.68
286.14,315.86,286.64,323.87,211.47,260.89,253.68,286.14
315.86,292.9,323.87,322.28,260.89,285.89,286.14,315.86
292.9,280.68,322.28,305.3,285.89,270.43,315.86,292.9
280.68,261,305.3,281.81,270.43,253.18,292.9,280.68
261,283.99,281.81,293.3,253.18,254.19,280.68,261
283.99,276.41,293.3,284.31,254.19,272.64,261,283.99
276.41,269.05,284.31,282.32,272.64,265.21,283.99,276.41
269.05,266,282.32,274.03,265.21,253.7,276.41,269.05
266,265.88,274.03,274.55,253.7,261.57,269.05,266
265.88,240.94,274.55,266.25,261.57,236.16,266,265.88
240.94,245.67,266.25,248.35,236.16,230.96,265.88,240.94
245.67,237.72,248.35,251.79,230.96,236.59,240.94,245.67
237.72,205.76,251.79,240.09,236.59,188.21,245.67,237.72
205.76,190.55,240.09,216.16,188.21,175.21,237.72,205.76
190.55,224.15,216.16,227.06,175.21,181.62,205.76,190.55
224.15,205.41,227.06,226.66,181.62,193.2,190.55,224.15
205.41,197.14,226.66,207.07,193.2,182.62,224.15,205.41
197.14,169.1,207.07,198.71,182.62,168.95,205.41,197.14
169.1,155.42,198.71,171.91,168.95,132.64,197.14,169.1
155.42,189.97,171.91,190.26,132.64,154.25,169.1,155.42
189.97,227.09,190.26,256.89,154.25,177.42,155.42,189.97
227.09,194.41,256.89,244.02,177.42,187.21,189.97,227.09
194.41,226.33,244.02,235.86,187.21,194.41,227.09,194.41
226.33,216.33,235.86,236.62,194.41,209.46,194.41,226.33
216.33,230.47,236.62,236.55,209.46,215.3,226.33,216.33
230.47,228.32,236.55,234.17,215.3,220.3,216.33,230.47
228.32,225.48,234.17,229.56,220.3,224.04,230.47,228.32
225.48,203.59,229.56,225.98,224.04,192.64,228.32,225.48
203.59,202.88,225.98,209.29,192.64,193.1,225.48,203.59
202.88,202.93,209.29,205.68,193.1,198.93,203.59,202.88
202.93,191.21,205.68,203.93,198.93,189.77,202.88,202.93
191.21,206.14,203.93,209.57,189.77,177.69,202.93,191.21
206.14,196.78,209.57,209.88,177.69,194.12,191.21,206.14
196.78,201.33,209.88,201.78,194.12,190.53,206.14,196.78
201.33,225.9,201.78,232.55,190.53,201.27,196.78,201.33
225.9,218.12,232.55,228.98,201.27,215.71,201.33,225.9
218.12,224.39,228.98,228.08,215.71,217.84,225.9,218.12
224.39,220.6,228.08,227.45,217.84,219.73,218.12,224.39
220.6,253.09,227.45,258.47,219.73,219.72,224.39,220.6
253.09,264.56,258.47,272.22,219.72,251.79,220.6,253.09
264.56,269.94,272.22,274.39,251.79,257.41,253.09,264.56
269.94,296.51,274.39,299.55,257.41,266.94,264.56,269.94
296.51,295.28,299.55,314.75,266.94,279.1,269.94,296.51
295.28,298.28,314.75,310.18,279.1,289.22,296.51,295.24
298.28,309.32,310.18,310.36,289.22,295.94,295.24,298.28
309.32,308.02,310.36,319.14,295.94,303.71,298.28,309.32
308.02,296.62,319.14,308.87,303.71,288.04,309.32,308.02
296.62,299.16,308.87,306.3,288.04,294.74,308.02,296.62
299.16,286.52,306.3,299.71,294.74,271.38,296.62,299.16
286.52,301.38,299.71,303.29,271.38,280.66,299.16,286.52
301.38,300.3,303.29,310.43,280.66,298.19,286.52,301.38
300.3,292.62,310.43,306.52,298.19,287.17,301.38,300.3
292.62,293.02,306.52,298.79,287.17,283.65,300.3,292.62
293.02,298.2,298.79,298.78,283.65,288.48,292.62,293.02
298.2,321.85,298.78,345.44,288.48,294.93,293.02,298.2
321.85,313.37,345.44,329.39,294.93,293.09,298.2,321.85
313.37,317.4,329.39,325.1,293.09,313.16,321.85,313.37
317.4,325.28,325.1,328.65,313.16,315.94,313.37,317.4
325.28,330.06,328.65,337.24,315.94,324.69,317.4,325.28
330.06,332.86,337.24,334.7,324.69,325.9,325.28,330.06
332.86,347.88,334.7,347.92,325.9,332.8,330.06,332.86
347.88,347.66,347.92,350.5,332.8,335.41,332.86,347.88
347.66,372.35,350.5,375.18,335.41,347.24,347.88,347.66
372.35,383.86,375.18,390.64,347.24,367.41,347.66,372.35
383.86,388.33,390.64,389.64,367.41,380.89,372.35,383.86
388.33,391.42,389.64,395.3,380.89,386.71,383.86,388.33
391.42,351.03,395.3,392.04,386.71,328.87,388.33,391.42
351.03,352.45,392.04,370.5,328.87,336.37,391.42,351.03
352.45,303.7,370.5,352.45,336.37,279.95,351.03,352.45
303.7,317.94,352.45,324.37,279.95,275.97,352.45,303.7
317.94,338.92,324.37,341.77,275.97,317.82,303.7,317.94
338.92,335.37,341.77,338.92,317.82,323.36,317.94,338.92
335.37,306.72,338.92,335.39,323.36,293.12,338.92,335.37
306.72,303.79,335.39,309.07,293.12,293.71,335.37,306.72
303.79,299.21,309.07,305.76,293.71,280.7,306.72,303.79
299.21,297.95,305.76,308.3,280.7,288.6,303.79,299.21
297.95,294.1,308.3,316.38,288.6,285.75,299.21,297.95
294.1,275.84,316.38,294.39,285.75,257.16,297.95,294.1
275.84,223.14,294.39,280.65,257.16,222.06,294.1,275.84
223.14,259.57,280.65,267.7,222.06,200.75,275.84,223.14
259.57,254.49,267.7,272.43,200.75,245.74,223.14,259.57
254.49,258.4,272.43,265.78,245.74,239.98,259.57,254.49
258.4,286.42,265.78,295.9,239.98,258.36,254.49,258.4
